"Date","Price","Open","High","Low","Change %"
"Sep 05, 2018","114.72","114.44","114.94","114.24","0.30%"
"Sep 04, 2018","114.38","114.58","114.78","114.03","-0.18%"
"Sep 03, 2018","114.59","114.66","114.70","114.27","-0.03%"
"Sep 02, 2018","114.62","114.56","114.68","114.50","-0.02%"
"Aug 31, 2018","114.64","114.53","114.97","114.28","0.10%"
"Aug 30, 2018","114.52","115.05","115.33","114.42","-0.47%"
"Aug 29, 2018","115.06","113.87","115.14","113.66","1.04%"
"Aug 28, 2018","113.88","113.38","114.00","113.26","0.43%"
"Aug 27, 2018","113.39","113.11","113.48","112.78","0.08%"
"Aug 26, 2018","113.30","113.13","113.34","112.80","0.16%"
"Aug 24, 2018","113.12","112.84","113.34","112.72","0.24%"
"Aug 23, 2018","112.85","112.47","113.00","112.38","0.34%"
"Aug 22, 2018","112.47","111.92","112.53","111.75","0.46%"
"Aug 21, 2018","111.95","111.02","112.18","110.91","0.84%"
"Aug 20, 2018","111.02","110.98","111.27","110.91","0.02%"
"Aug 19, 2018","111.00","111.10","111.12","110.99","0.03%"
"Aug 17, 2018","110.97","111.25","111.34","110.81","-0.25%"
"Aug 16, 2018","111.25","111.46","111.85","111.19","-0.19%"
"Aug 15, 2018","111.46","111.79","111.98","110.94","-0.30%"
"Aug 14, 2018","111.80","111.47","112.12","111.33","0.30%"
"Aug 13, 2018","111.47","111.47","111.67","110.70","0.20%"
"Aug 12, 2018","111.25","111.10","111.41","111.02","-0.18%"
"Aug 10, 2018","111.45","111.81","111.89","111.06","-0.32%"
"Aug 09, 2018","111.81","111.72","112.11","111.45","0.07%"
"Aug 08, 2018","111.73","111.84","112.03","111.30","-0.14%"
"Aug 07, 2018","111.89","111.75","111.98","111.58","0.09%"
"Aug 06, 2018","111.79","111.82","111.96","111.58","-0.04%"
"Aug 05, 2018","111.84","111.96","111.98","111.81","-0.06%"
"Aug 03, 2018","111.91","112.20","112.34","111.81","-0.26%"
"Aug 02, 2018","112.20","112.62","112.67","111.92","-0.36%"
"Aug 01, 2018","112.61","112.97","113.12","112.42","-0.32%"
"Jul 31, 2018","112.97","112.39","113.21","112.15","0.52%"
"Jul 30, 2018","112.39","111.66","112.44","111.45","0.72%"
"Jul 29, 2018","111.59","111.57","111.66","111.47","-0.06%"
"Jul 27, 2018","111.66","111.89","111.94","111.31","-0.20%"
"Jul 26, 2018","111.88","111.86","112.00","111.47","0.00%"
"Jul 25, 2018","111.88","111.94","112.19","111.50","-0.04%"
"Jul 24, 2018","111.92","112.17","112.31","111.72","-0.24%"
"Jul 23, 2018","112.19","112.33","112.42","111.84","0.12%"
"Jul 22, 2018","112.06","112.25","112.40","112.06","-0.16%"
"Jul 20, 2018","112.24","112.56","112.71","112.20","-0.28%"
"Jul 19, 2018","112.56","112.97","113.03","112.45","-0.39%"
"Jul 18, 2018","113.00","112.86","113.05","112.64","0.12%"
"Jul 17, 2018","112.86","112.66","113.30","112.49","0.18%"
"Jul 16, 2018","112.66","112.17","112.75","111.92","0.46%"
"Jul 15, 2018","112.14","112.05","112.23","112.00","-0.04%"
"Jul 13, 2018","112.18","112.29","112.48","111.84","-0.11%"
"Jul 12, 2018","112.30","112.50","112.98","112.17","-0.16%"
"Jul 11, 2018","112.48","111.86","112.58","111.57","0.53%"
"Jul 10, 2018","111.89","111.81","112.20","111.67","0.08%"
"Jul 09, 2018","111.80","111.62","112.06","111.44","0.16%"
"Jul 08, 2018","111.62","111.56","111.69","111.48","0.04%"
"Jul 06, 2018","111.58","111.38","111.78","111.22","0.18%"
"Jul 05, 2018","111.38","111.28","111.69","110.96","0.09%"
"Jul 04, 2018","111.28","111.47","111.54","111.19","-0.14%"
"Jul 03, 2018","111.44","111.61","111.97","111.30","-0.15%"
"Jul 02, 2018","111.61","111.70","112.01","111.17","-0.18%"
"Jul 01, 2018","111.81","111.65","111.88","111.63","0.08%"
"Jun 29, 2018","111.72","110.80","111.97","110.67","0.85%"
"Jun 28, 2018","110.78","110.58","110.89","110.30","0.19%"
"Jun 27, 2018","110.57","111.10","111.16","110.51","-0.49%"
"Jun 26, 2018","111.11","111.20","111.28","110.75","-0.10%"
"Jun 25, 2018","111.22","111.25","111.53","110.65","-0.05%"
"Jun 24, 2018","111.28","111.18","111.31","111.11","-0.03%"
"Jun 22, 2018","111.31","110.91","111.44","110.72","0.36%"
"Jun 21, 2018","110.91","110.78","111.17","110.59","0.13%"
"Jun 20, 2018","110.77","110.69","110.91","110.28","0.06%"
"Jun 19, 2018","110.70","111.11","111.14","110.11","-0.35%"
"Jun 18, 2018","111.09","110.93","111.19","110.63","0.18%"
"Jun 17, 2018","110.89","111.03","111.09","110.83","-0.05%"
"Jun 15, 2018","110.94","110.95","111.18","110.70","-0.02%"
"Jun 14, 2018","110.96","111.96","112.06","110.91","-0.88%"
"Jun 13, 2018","111.95","111.83","112.22","111.76","0.09%"
"Jun 12, 2018","111.85","111.67","112.20","111.53","0.16%"
"Jun 11, 2018","111.67","111.11","111.77","110.72","0.47%"
"Jun 10, 2018","111.15","111.02","111.18","111.01","-0.04%"
"Jun 08, 2018","111.19","111.91","112.03","110.75","-0.63%"
"Jun 07, 2018","111.89","111.70","112.22","111.39","0.15%"
"Jun 06, 2018","111.72","111.53","111.95","111.38","0.17%"
"Jun 05, 2018","111.53","111.14","111.55","110.97","0.32%"
"Jun 04, 2018","111.17","110.83","111.45","110.62","0.28%"
"Jun 03, 2018","110.86","110.69","110.88","110.68","0.00%"
"Jun 01, 2018","110.86","110.39","111.03","110.30","0.43%"
"May 31, 2018","110.39","110.08","110.63","109.71","0.27%"
"May 30, 2018","110.09","109.70","110.31","109.17","0.34%"
"May 29, 2018","109.72","110.10","110.22","109.00","-0.35%"
"May 28, 2018","110.11","110.70","110.92","109.77","-0.33%"
"May 27, 2018","110.47","110.67","110.72","110.42","-0.05%"
"May 25, 2018","110.52","110.18","110.67","109.95","0.31%"
"May 24, 2018","110.18","110.55","110.84","109.91","-0.36%"
"May 23, 2018","110.58","111.69","111.77","110.44","-1.00%"
"May 22, 2018","111.70","111.36","111.94","111.22","0.31%"
"May 21, 2018","111.36","110.96","111.54","110.96","0.33%"
"May 18, 2018","110.99","110.61","111.23","110.52","0.34%"
"May 17, 2018","110.61","110.27","110.71","110.08","0.32%"
"May 16, 2018","110.26","110.19","110.44","109.91","0.05%"
"May 15, 2018","110.21","109.59","110.44","109.50","0.57%"
"May 14, 2018","109.59","109.33","110.00","109.20","0.24%"
"May 11, 2018","109.33","109.05","109.50","108.89","0.28%"
"May 10, 2018","109.03","109.17","109.58","109.03","-0.13%"
"May 09, 2018","109.17","108.93","109.64","108.81","0.21%"
"May 08, 2018","108.94","108.83","109.23","108.52","0.12%"
"May 07, 2018","108.81","109.03","109.19","108.67","-0.29%"
"May 04, 2018","109.13","109.46","109.51","108.64","-0.29%"
"May 03, 2018","109.45","109.89","110.16","109.08","-0.43%"
"May 02, 2018","109.92","110.26","110.51","109.86","-0.31%"
"May 01, 2018","110.26","110.36","110.48","110.08","-0.09%"
"Apr 30, 2018","110.36","110.31","110.64","110.17","-0.02%"
"Apr 27, 2018","110.38","110.51","110.59","110.21","-0.12%"
"Apr 26, 2018","110.51","111.29","111.42","110.47","-0.69%"
"Apr 25, 2018","111.28","111.17","111.36","110.89","0.10%"
"Apr 24, 2018","111.17","111.14","111.58","110.92","0.03%"
"Apr 23, 2018","111.14","110.44","111.17","110.30","0.61%"
"Apr 20, 2018","110.47","110.54","110.88","110.29","-0.06%"
"Apr 19, 2018","110.54","110.69","111.07","110.36","-0.14%"
"Apr 18, 2018","110.69","110.75","111.03","110.64","-0.05%"
"Apr 17, 2018","110.75","111.58","111.67","110.59","-0.74%"
"Apr 16, 2018","111.58","111.57","111.98","111.25","0.04%"
"Apr 13, 2018","111.54","111.51","112.14","111.38","0.04%"
"Apr 12, 2018","111.50","111.50","111.64","111.06","-0.01%"
"Apr 11, 2018","111.51","112.01","112.12","111.40","-0.45%"
"Apr 10, 2018","112.01","111.66","112.31","111.54","0.31%"
"Apr 09, 2018","111.66","111.45","111.97","111.33","0.17%"
"Apr 06, 2018","111.47","111.48","111.84","111.10","0.01%"
"Apr 05, 2018","111.46","111.13","111.66","111.06","0.29%"
"Apr 04, 2018","111.14","111.17","111.31","110.58","-0.04%"
"Apr 03, 2018","111.19","110.83","111.36","110.67","0.32%"
"Apr 02, 2018","110.84","111.48","111.66","110.66","-0.49%"
"Mar 30, 2018","111.39","111.32","111.61","111.14","0.11%"
"Mar 29, 2018","111.27","111.68","111.73","110.98","-0.38%"
"Mar 28, 2018","111.69","111.25","111.79","110.93","0.39%"
"Mar 27, 2018","111.26","111.46","112.02","111.23","-0.19%"
"Mar 26, 2018","111.47","110.57","111.64","110.31","0.80%"
"Mar 23, 2018","110.58","110.92","111.11","110.44","-0.31%"
"Mar 22, 2018","110.92","111.66","111.81","110.84","-0.67%"
"Mar 21, 2018","111.67","111.39","111.89","111.24","0.26%"
"Mar 20, 2018","111.38","111.54","112.11","111.35","-0.15%"
"Mar 19, 2018","111.55","111.27","111.73","110.81","0.24%"
"Mar 16, 2018","111.28","111.78","111.83","111.14","-0.44%"
"Mar 15, 2018","111.77","112.50","112.58","111.56","-0.66%"
"Mar 14, 2018","112.51","112.89","113.09","112.08","-0.35%"
"Mar 13, 2018","112.90","112.30","113.28","112.15","0.53%"
"Mar 12, 2018","112.30","112.30","112.54","112.01","0.03%"
"Mar 09, 2018","112.27","111.67","112.76","111.60","0.56%"
"Mar 08, 2018","111.65","112.42","112.59","111.51","-0.69%"
"Mar 07, 2018","112.43","112.82","112.93","112.10","-0.34%"
"Mar 06, 2018","112.81","112.97","113.52","112.58","-0.15%"
"Mar 05, 2018","112.98","112.86","113.03","112.30","0.23%"
"Mar 02, 2018","112.72","112.81","112.95","112.33","-0.07%"
"Mar 01, 2018","112.80","112.92","113.25","112.36","-0.12%"
"Feb 28, 2018","112.93","114.30","114.46","112.81","-1.21%"
"Feb 27, 2018","114.31","114.01","114.49","113.92","0.27%"
"Feb 26, 2018","114.00","114.17","114.58","113.83","-0.09%"
"Feb 23, 2018","114.10","114.44","114.63","113.75","-0.31%"
"Feb 22, 2018","114.45","114.80","114.81","114.08","-0.29%"
"Feb 21, 2018","114.78","114.64","115.14","114.50","0.10%"
"Feb 20, 2018","114.66","114.72","114.96","114.50","-0.06%"
"Feb 19, 2018","114.73","114.61","114.98","114.41","0.12%"
"Feb 16, 2018","114.59","115.10","115.33","114.45","-0.43%"
"Feb 15, 2018","115.09","115.16","115.47","114.55","-0.07%"
"Feb 14, 2018","115.17","115.33","115.44","114.33","-0.16%"
"Feb 13, 2018","115.35","115.65","115.88","114.96","-0.29%"
"Feb 12, 2018","115.69","115.75","116.08","115.52","-0.03%"
"Feb 09, 2018","115.73","116.19","116.65","115.14","-0.39%"
"Feb 08, 2018","116.18","115.85","116.64","115.72","0.28%"
"Feb 07, 2018","115.86","117.06","117.27","115.61","-1.03%"
"Feb 06, 2018","117.06","117.11","117.33","116.28","-0.06%"
"Feb 05, 2018","117.13","118.22","118.31","116.74","-0.93%"
"Feb 02, 2018","118.23","118.11","118.59","117.98","0.11%"
"Feb 01, 2018","118.10","117.23","118.14","117.11","0.72%"
"Jan 31, 2018","117.25","116.44","117.54","116.25","0.70%"
"Jan 30, 2018","116.44","116.22","116.69","115.78","0.19%"
"Jan 29, 2018","116.22","116.38","116.56","116.01","-0.19%"
"Jan 26, 2018","116.44","116.25","116.97","115.80","0.15%"
"Jan 25, 2018","116.26","115.52","117.01","115.35","0.61%"
"Jan 24, 2018","115.55","115.20","115.87","114.99","0.31%"
"Jan 23, 2018","115.19","115.30","115.50","114.75","-0.11%"
"Jan 22, 2018","115.32","114.91","115.46","114.82","0.25%"
"Jan 19, 2018","115.03","115.87","115.97","114.90","-0.73%"
"Jan 18, 2018","115.88","115.25","116.06","115.17","0.56%"
"Jan 17, 2018","115.23","115.12","115.61","114.78","0.10%"
"Jan 16, 2018","115.11","114.75","115.25","114.55","0.29%"
"Jan 15, 2018","114.78","114.72","115.20","114.42","0.08%"
"Jan 12, 2018","114.69","114.00","114.89","113.84","0.61%"
"Jan 11, 2018","114.00","113.87","114.54","113.76","0.08%"
"Jan 10, 2018","113.91","114.56","114.65","113.66","-0.57%"
"Jan 09, 2018","114.56","115.73","115.83","114.30","-1.03%"
"Jan 08, 2018","115.75","115.94","116.11","115.44","-0.17%"
"Jan 05, 2018","115.95","115.69","116.19","115.61","0.22%"
"Jan 04, 2018","115.69","115.14","115.86","115.08","0.47%"
"Jan 03, 2018","115.15","115.58","115.63","114.70","-0.37%"
"Jan 02, 2018","115.58","115.61","115.85","115.29","-0.02%"
"Jan 01, 2018","115.60","115.65","115.68","115.59","-0.04%"
"Dec 29, 2017","115.65","115.32","115.76","115.11","0.26%"
"Dec 28, 2017","115.35","114.92","115.54","114.71","0.37%"
"Dec 27, 2017","114.93","114.49","114.95","114.27","0.39%"
"Dec 26, 2017","114.48","114.58","114.69","114.28","-0.09%"
"Dec 25, 2017","114.58","114.48","114.68","114.42","0.07%"
"Dec 22, 2017","114.50","114.67","114.73","114.33","-0.13%"
"Dec 21, 2017","114.65","114.87","115.21","114.46","-0.18%"
"Dec 20, 2017","114.86","114.62","115.18","114.45","0.19%"
"Dec 19, 2017","114.64","114.17","114.77","114.12","0.40%"
"Dec 18, 2017","114.18","113.72","114.27","113.64","0.45%"
"Dec 15, 2017","113.67","113.61","113.81","113.28","0.05%"
"Dec 14, 2017","113.61","114.21","114.51","113.46","-0.51%"
"Dec 13, 2017","114.19","114.52","114.59","113.90","-0.27%"
"Dec 12, 2017","114.50","114.47","114.71","114.29","0.02%"
"Dec 11, 2017","114.48","114.33","114.58","114.17","0.18%"
"Dec 08, 2017","114.28","113.72","114.42","113.67","0.49%"
"Dec 07, 2017","113.72","113.44","113.83","113.37","0.25%"
"Dec 06, 2017","113.44","114.03","114.11","113.29","-0.52%"
"Dec 05, 2017","114.03","114.13","114.44","113.90","-0.09%"
"Dec 04, 2017","114.13","115.21","115.40","114.04","-0.58%"
"Dec 01, 2017","114.80","114.41","114.97","114.10","0.34%"
"Nov 30, 2017","114.41","113.68","114.59","113.57","0.64%"
"Nov 29, 2017","113.68","113.27","113.79","113.15","0.35%"
"Nov 28, 2017","113.28","113.17","113.44","112.95","0.09%"
"Nov 27, 2017","113.18","113.73","113.98","113.06","-0.58%"
"Nov 24, 2017","113.84","113.31","114.00","113.28","0.47%"
"Nov 23, 2017","113.31","113.28","113.55","113.16","0.04%"
"Nov 22, 2017","113.27","113.42","113.61","113.12","-0.13%"
"Nov 21, 2017","113.42","113.33","113.47","113.11","0.07%"
"Nov 20, 2017","113.34","113.39","113.55","113.06","-0.04%"
"Nov 17, 2017","113.38","113.72","113.84","113.12","-0.31%"
"Nov 16, 2017","113.73","114.19","114.38","113.53","-0.42%"
"Nov 15, 2017","114.21","114.67","114.72","114.11","-0.40%"
"Nov 14, 2017","114.67","114.04","114.74","113.97","0.54%"
"Nov 13, 2017","114.05","114.00","114.12","113.50","0.03%"
"Nov 10, 2017","114.02","114.16","114.31","113.83","-0.11%"
"Nov 09, 2017","114.15","113.87","114.19","113.28","0.25%"
"Nov 08, 2017","113.86","113.99","114.04","113.46","-0.14%"
"Nov 07, 2017","114.02","113.97","114.44","113.83","0.04%"
"Nov 06, 2017","113.98","113.89","114.56","113.84","-0.02%"
"Nov 03, 2017","114.00","114.17","114.30","113.86","-0.15%"
"Nov 02, 2017","114.17","113.78","114.30","113.73","0.33%"
"Nov 01, 2017","113.80","113.91","114.13","113.68","-0.08%"
"Oct 31, 2017","113.89","113.81","114.14","113.39","0.07%"
"Oct 30, 2017","113.81","114.00","114.07","113.47","-0.11%"
"Oct 27, 2017","113.94","114.25","114.44","113.70","-0.27%"
"Oct 26, 2017","114.25","114.95","115.00","114.07","-0.60%"
"Oct 25, 2017","114.94","114.92","115.16","114.72","0.02%"
"Oct 24, 2017","114.92","115.16","115.41","114.81","-0.21%"
"Oct 23, 2017","115.16","115.50","115.77","114.99","-0.15%"
"Oct 20, 2017","115.33","115.27","115.64","115.03","0.04%"
"Oct 19, 2017","115.28","115.04","115.59","114.91","0.20%"
"Oct 18, 2017","115.05","114.67","115.19","114.63","0.33%"
"Oct 17, 2017","114.67","115.02","115.08","114.52","-0.29%"
"Oct 16, 2017","115.00","114.92","115.06","114.42","0.19%"
"Oct 13, 2017","114.78","115.12","115.20","114.57","-0.30%"
"Oct 12, 2017","115.12","115.57","115.69","114.99","-0.38%"
"Oct 11, 2017","115.56","115.33","115.67","114.93","0.20%"
"Oct 10, 2017","115.33","115.01","115.37","114.90","0.29%"
"Oct 09, 2017","115.00","115.22","115.27","114.89","-0.15%"
"Oct 06, 2017","115.17","115.33","115.56","115.11","-0.14%"
"Oct 05, 2017","115.33","115.64","115.78","115.00","-0.27%"
"Oct 04, 2017","115.64","115.89","116.02","115.50","-0.22%"
"Oct 03, 2017","115.90","115.70","116.07","115.55","0.18%"
"Oct 02, 2017","115.69","116.25","116.45","115.47","-0.43%"
"Sep 29, 2017","116.19","115.81","116.42","115.69","0.33%"
"Sep 28, 2017","115.81","116.06","116.22","115.61","-0.22%"
"Sep 27, 2017","116.07","115.83","116.23","115.49","0.20%"
"Sep 26, 2017","115.84","115.60","115.96","114.98","0.20%"
"Sep 25, 2017","115.61","115.53","115.89","115.03","0.07%"
"Sep 22, 2017","115.53","115.86","115.98","115.42","-0.28%"
"Sep 21, 2017","115.86","115.70","115.99","115.38","0.13%"
"Sep 20, 2017","115.71","115.91","116.15","115.57","-0.18%"
"Sep 19, 2017","115.92","116.03","116.50","115.58","-0.09%"
"Sep 18, 2017","116.03","115.52","116.23","115.47","0.48%"
"Sep 15, 2017","115.47","114.44","116.06","113.72","0.89%"
"Sep 14, 2017","114.45","114.58","114.78","113.92","-0.11%"
"Sep 13, 2017","114.58","114.75","114.89","114.42","-0.13%"
"Sep 12, 2017","114.73","114.39","114.83","114.28","0.27%"
"Sep 11, 2017","114.42","114.56","114.79","114.04","0.21%"
"Sep 08, 2017","114.18","114.09","114.55","113.44","0.08%"
"Sep 07, 2017","114.09","114.20","114.47","113.74","-0.11%"
"Sep 06, 2017","114.22","113.89","114.31","113.69","0.27%"
"Sep 05, 2017","113.91","114.49","114.57","113.68","-0.52%"
"Sep 04, 2017","114.50","113.41","114.78","113.32","0.17%"
"Sep 01, 2017","114.30","114.71","115.09","114.18","-0.37%"
"Aug 31, 2017","114.72","114.39","114.86","114.19","0.27%"
"Aug 30, 2017","114.41","114.88","115.35","114.36","-0.40%"
"Aug 29, 2017","114.87","114.38","115.11","113.91","0.44%"
"Aug 28, 2017","114.37","114.14","114.68","113.98","0.07%"
"Aug 25, 2017","114.29","113.49","114.46","113.38","0.71%"
"Aug 24, 2017","113.48","112.98","113.58","112.71","0.47%"
"Aug 23, 2017","112.95","113.17","113.36","112.83","-0.19%"
"Aug 22, 2017","113.17","113.27","113.55","112.88","-0.10%"
"Aug 21, 2017","113.28","113.31","113.38","112.55","0.11%"
"Aug 18, 2017","113.16","113.80","113.89","113.00","-0.56%"
"Aug 17, 2017","113.80","114.08","114.28","113.66","-0.27%"
"Aug 16, 2017","114.11","113.80","114.22","113.53","0.29%"
"Aug 15, 2017","113.78","112.77","113.86","112.69","0.89%"
"Aug 14, 2017","112.78","113.39","113.77","112.65","-0.64%"
"Aug 11, 2017","113.51","113.47","113.66","113.19","0.04%"
"Aug 10, 2017","113.46","114.22","114.32","113.27","-0.67%"
"Aug 09, 2017","114.23","113.25","114.28","112.94","0.89%"
"Aug 08, 2017","113.22","113.76","113.94","113.13","-0.52%"
"Aug 07, 2017","113.81","113.73","114.09","113.64","0.04%"
"Aug 04, 2017","113.77","113.61","114.12","113.46","0.13%"
"Aug 03, 2017","113.62","114.06","114.33","113.36","-0.39%"
"Aug 02, 2017","114.06","114.27","114.81","113.84","-0.19%"
"Aug 01, 2017","114.28","114.02","114.53","113.76","0.22%"
"Jul 31, 2017","114.03","114.20","114.67","113.80","-0.18%"
"Jul 28, 2017","114.23","115.28","115.41","114.10","-0.95%"
"Jul 27, 2017","115.32","116.93","117.00","115.13","-1.37%"
"Jul 26, 2017","116.92","117.50","117.64","116.44","-0.47%"
"Jul 25, 2017","117.47","117.36","117.91","117.12","0.09%"
"Jul 24, 2017","117.37","117.44","117.64","116.92","-0.11%"
"Jul 21, 2017","117.50","117.67","117.83","117.27","-0.13%"
"Jul 20, 2017","117.65","117.18","117.76","116.64","0.39%"
"Jul 19, 2017","117.19","117.39","117.64","116.94","-0.16%"
"Jul 18, 2017","117.38","117.00","117.67","116.69","0.32%"
"Jul 17, 2017","117.00","116.81","117.28","116.53","0.17%"
"Jul 14, 2017","116.80","117.13","117.47","116.41","-0.27%"
"Jul 13, 2017","117.12","117.19","117.67","116.80","-0.09%"
"Jul 12, 2017","117.22","118.22","118.31","117.18","-0.85%"
"Jul 11, 2017","118.22","118.11","118.41","117.84","0.10%"
"Jul 10, 2017","118.10","118.23","118.63","117.95","-0.04%"
"Jul 07, 2017","118.15","117.86","118.45","117.72","0.24%"
"Jul 06, 2017","117.87","117.49","117.94","117.00","0.32%"
"Jul 05, 2017","117.49","117.31","117.81","117.00","0.14%"
"Jul 04, 2017","117.32","117.67","117.79","117.00","-0.29%"
"Jul 03, 2017","117.66","117.02","117.80","116.74","0.33%"
"Jun 30, 2017","117.27","117.38","117.47","116.61","-0.08%"
"Jun 29, 2017","117.36","117.02","117.81","116.93","0.28%"
"Jun 28, 2017","117.03","117.00","117.22","116.11","0.03%"
"Jun 27, 2017","116.99","115.07","117.08","114.63","1.70%"
"Jun 26, 2017","115.03","114.59","115.11","114.59","0.20%"
"Jun 23, 2017","114.80","114.59","115.02","114.44","0.21%"
"Jun 22, 2017","114.56","114.50","114.61","113.98","0.03%"
"Jun 21, 2017","114.53","114.32","114.66","113.97","0.19%"
"Jun 20, 2017","114.31","114.29","114.67","114.07","-0.02%"
"Jun 19, 2017","114.33","113.83","114.53","113.78","0.42%"
"Jun 16, 2017","113.85","113.76","114.45","113.65","0.09%"
"Jun 15, 2017","113.75","112.84","113.83","112.47","0.81%"
"Jun 14, 2017","112.84","113.62","113.86","112.55","-0.68%"
"Jun 13, 2017","113.61","113.45","114.11","113.33","0.12%"
"Jun 12, 2017","113.47","113.83","114.00","113.11","-0.30%"
"Jun 09, 2017","113.81","113.72","114.19","113.28","0.07%"
"Jun 08, 2017","113.73","113.79","114.22","113.43","-0.06%"
"Jun 07, 2017","113.80","113.77","114.00","113.11","0.07%"
"Jun 06, 2017","113.72","114.47","114.56","113.28","-0.62%"
"Jun 05, 2017","114.43","114.70","114.87","114.34","-0.28%"
"Jun 02, 2017","114.75","114.61","115.06","114.44","0.11%"
"Jun 01, 2017","114.62","114.45","114.92","114.34","0.14%"
"May 31, 2017","114.46","113.72","114.50","113.47","0.65%"
"May 30, 2017","113.72","113.75","114.02","113.02","-0.05%"
"May 29, 2017","113.78","114.25","114.52","113.78","-0.43%"
"May 26, 2017","114.27","114.95","115.05","113.94","-0.58%"
"May 25, 2017","114.94","114.58","115.20","114.47","0.32%"
"May 24, 2017","114.57","114.49","114.90","114.35","0.04%"
"May 23, 2017","114.52","114.32","114.80","113.85","0.17%"
"May 22, 2017","114.33","114.47","114.94","113.83","-0.09%"
"May 19, 2017","114.43","113.77","114.52","113.36","0.57%"
"May 18, 2017","113.78","113.20","113.89","112.47","0.51%"
"May 17, 2017","113.20","114.73","114.81","113.16","-1.32%"
"May 16, 2017","114.72","114.17","115.00","113.83","0.46%"
"May 15, 2017","114.19","113.12","114.25","113.00","0.81%"
"May 12, 2017","113.27","112.97","113.46","112.61","0.26%"
"May 11, 2017","112.98","113.28","113.42","112.67","-0.26%"
"May 10, 2017","113.28","113.16","113.47","112.84","0.11%"
"May 09, 2017","113.16","113.38","113.76","112.91","-0.19%"
"May 08, 2017","113.38","114.17","114.58","112.97","-0.73%"
"May 05, 2017","114.21","114.02","114.28","113.41","0.16%"
"May 04, 2017","114.03","113.33","114.06","113.14","0.59%"
"May 03, 2017","113.36","112.94","113.62","112.89","0.37%"
"May 02, 2017","112.94","112.27","113.11","112.19","0.61%"
"May 01, 2017","112.25","111.83","112.48","111.77","0.15%"
"Apr 28, 2017","112.08","111.89","112.64","111.67","0.14%"
"Apr 27, 2017","111.92","111.81","112.42","111.61","0.10%"
"Apr 26, 2017","111.81","111.81","112.38","111.64","0.00%"
"Apr 25, 2017","111.81","110.24","111.96","110.03","1.42%"
"Apr 24, 2017","110.24","111.44","111.73","110.05","0.64%"
"Apr 21, 2017","109.54","109.44","109.66","109.05","0.07%"
"Apr 20, 2017","109.46","109.01","109.93","108.95","0.39%"
"Apr 19, 2017","109.03","108.84","109.45","108.75","0.18%"
"Apr 18, 2017","108.83","108.41","108.99","108.30","0.38%"
"Apr 17, 2017","108.42","108.08","108.58","107.67","0.34%"
"Apr 14, 2017","108.05","108.46","108.76","107.97","-0.36%"
"Apr 13, 2017","108.44","108.69","108.97","108.39","-0.23%"
"Apr 12, 2017","108.69","108.79","109.09","108.55","-0.10%"
"Apr 11, 2017","108.80","110.00","110.08","108.78","-1.07%"
"Apr 10, 2017","109.98","110.14","110.53","109.89","-0.09%"
"Apr 07, 2017","110.08","110.27","110.43","109.68","-0.18%"
"Apr 06, 2017","110.28","110.14","110.66","109.66","0.10%"
"Apr 05, 2017","110.17","110.53","110.94","110.12","-0.33%"
"Apr 04, 2017","110.53","110.70","110.78","109.97","-0.16%"
"Apr 03, 2017","110.71","111.06","111.46","110.56","-0.31%"
"Mar 31, 2017","111.05","111.78","112.11","111.01","-0.65%"
"Mar 30, 2017","111.78","111.42","111.83","111.23","0.32%"
"Mar 29, 2017","111.42","111.98","112.22","111.03","-0.52%"
"Mar 28, 2017","112.00","112.26","112.47","111.80","-0.24%"
"Mar 27, 2017","112.27","112.22","112.48","111.56","-0.04%"
"Mar 24, 2017","112.31","111.72","112.39","111.61","0.56%"
"Mar 23, 2017","111.69","112.17","112.44","111.50","-0.40%"
"Mar 22, 2017","112.14","112.41","112.49","111.73","-0.24%"
"Mar 21, 2017","112.41","112.68","113.33","112.25","-0.26%"
"Mar 20, 2017","112.70","112.86","113.27","112.63","-0.15%"
"Mar 17, 2017","112.87","113.72","113.94","112.73","-0.75%"
"Mar 16, 2017","113.72","113.33","113.89","113.06","0.34%"
"Mar 15, 2017","113.34","113.61","113.98","113.14","-0.23%"
"Mar 14, 2017","113.60","114.07","114.34","113.48","-0.40%"
"Mar 13, 2017","114.06","113.54","114.09","113.21","0.49%"
"Mar 10, 2017","113.50","113.58","114.23","113.45","-0.06%"
"Mar 09, 2017","113.57","112.70","113.84","112.60","0.77%"
"Mar 08, 2017","112.70","112.50","113.14","112.05","0.20%"
"Mar 07, 2017","112.47","112.53","112.73","112.11","-0.05%"
"Mar 06, 2017","112.53","113.17","113.25","112.45","-0.55%"
"Mar 03, 2017","113.15","112.90","113.37","112.63","0.21%"
"Mar 02, 2017","112.91","112.72","113.22","112.64","0.17%"
"Mar 01, 2017","112.72","112.12","112.97","112.03","0.53%"
"Feb 28, 2017","112.13","111.71","112.25","111.34","0.37%"
"Feb 27, 2017","111.72","111.34","111.82","111.03","0.34%"
"Feb 24, 2017","111.34","111.88","112.23","111.08","-0.49%"
"Feb 23, 2017","111.89","112.14","112.34","111.81","-0.21%"
"Feb 22, 2017","112.13","112.58","112.72","111.49","-0.41%"
"Feb 21, 2017","112.59","112.72","113.06","112.36","-0.17%"
"Feb 20, 2017","112.78","112.61","113.03","112.42","0.20%"
"Feb 17, 2017","112.56","113.52","113.83","112.48","-0.88%"
"Feb 16, 2017","113.56","113.53","113.84","113.28","0.00%"
"Feb 15, 2017","113.56","113.55","113.80","113.19","0.00%"
"Feb 14, 2017","113.56","113.08","113.67","112.75","0.40%"
"Feb 13, 2017","113.11","112.91","113.61","112.89","0.16%"
"Feb 10, 2017","112.93","113.07","113.72","112.68","-0.11%"
"Feb 09, 2017","113.06","112.56","113.23","112.28","0.44%"
"Feb 08, 2017","112.56","112.64","112.75","112.14","-0.08%"
"Feb 07, 2017","112.65","112.80","113.00","112.18","-0.09%"
"Feb 06, 2017","112.75","113.03","113.59","112.54","-0.70%"
"Feb 03, 2017","113.55","113.62","113.97","113.06","-0.08%"
"Feb 02, 2017","113.64","113.98","114.19","113.44","-0.35%"
"Feb 01, 2017","114.04","114.02","114.81","113.76","0.02%"
"Jan 31, 2017","114.02","114.29","114.68","113.49","-0.27%"
"Jan 30, 2017","114.33","115.14","115.23","113.91","-0.67%"
"Jan 27, 2017","115.10","114.62","115.49","114.45","0.48%"
"Jan 26, 2017","114.55","113.36","114.78","113.25","1.07%"
"Jan 25, 2017","113.34","113.67","113.91","113.12","-0.29%"
"Jan 24, 2017","113.67","113.12","113.80","112.89","0.51%"
"Jan 23, 2017","113.09","114.17","114.28","112.88","-1.15%"
"Jan 20, 2017","114.41","114.24","114.64","114.03","0.22%"
"Jan 19, 2017","114.16","113.83","114.39","113.59","0.29%"
"Jan 18, 2017","113.83","112.39","113.94","112.33","1.22%"
"Jan 17, 2017","112.46","112.86","113.42","112.37","-0.31%"
"Jan 16, 2017","112.81","113.34","113.42","112.53","-0.61%"
"Jan 13, 2017","113.50","113.49","114.23","113.35","0.04%"
"Jan 12, 2017","113.46","113.88","113.98","113.01","-0.31%"
"Jan 11, 2017","113.81","113.86","114.39","112.94","-0.04%"
"Jan 10, 2017","113.85","114.32","114.65","113.75","-0.39%"
"Jan 09, 2017","114.30","114.80","115.47","114.21","-0.45%"
"Jan 06, 2017","114.82","114.26","115.22","113.97","0.52%"
"Jan 05, 2017","114.23","114.84","114.98","113.78","-0.57%"
"Jan 04, 2017","114.88","114.68","115.12","114.31","0.23%"
"Jan 03, 2017","114.62","114.86","115.20","114.23","-0.17%"
"Jan 02, 2017","114.82","114.88","115.25","114.31","0.03%"
"Dec 30, 2016","114.78","113.98","115.58","113.86","0.74%"
"Dec 29, 2016","113.94","113.98","114.16","113.36","-0.07%"
"Dec 28, 2016","114.02","114.14","114.64","113.77","-0.18%"
"Dec 27, 2016","114.22","114.02","114.48","113.98","0.20%"
"Dec 26, 2016","113.99","114.36","114.45","113.89","-0.28%"
"Dec 23, 2016","114.31","114.67","114.78","114.06","-0.24%"
"Dec 22, 2016","114.59","114.50","114.95","114.30","0.10%"
"Dec 21, 2016","114.48","114.50","114.94","114.19","-0.05%"
"Dec 20, 2016","114.54","114.04","115.06","113.82","0.50%"
"Dec 19, 2016","113.97","114.77","115.01","113.84","-0.89%"
"Dec 16, 2016","114.99","114.80","115.23","114.56","0.23%"
"Dec 15, 2016","114.73","114.69","115.44","114.19","0.02%"
"Dec 14, 2016","114.71","113.78","114.95","113.54","0.79%"
"Dec 13, 2016","113.81","113.55","114.17","113.11","0.27%"
"Dec 12, 2016","113.50","113.28","114.31","113.03","0.12%"
"Dec 09, 2016","113.36","112.25","113.44","112.03","1.03%"
"Dec 08, 2016","112.20","112.95","113.31","112.01","-0.63%"
"Dec 07, 2016","112.91","112.92","113.38","112.62","0.04%"
"Dec 06, 2016","112.87","113.07","113.44","112.60","-0.21%"
"Dec 05, 2016","113.11","112.36","113.88","110.94","0.74%"
"Dec 02, 2016","112.28","112.89","113.12","112.17","-0.58%"
"Dec 01, 2016","112.94","112.52","113.19","112.11","0.41%"
"Nov 30, 2016","112.48","111.08","112.59","110.78","1.26%"
"Nov 29, 2016","111.08","110.47","111.56","110.16","0.53%"
"Nov 28, 2016","110.49","111.52","111.69","110.35","-0.98%"
"Nov 25, 2016","111.58","111.47","111.95","111.06","0.13%"
"Nov 24, 2016","111.44","110.67","111.62","110.31","0.73%"
"Nov 23, 2016","110.63","109.89","111.07","109.60","0.66%"
"Nov 22, 2016","109.90","109.85","110.07","109.40","0.04%"
"Nov 21, 2016","109.86","109.78","110.19","109.47","0.02%"
"Nov 18, 2016","109.84","109.42","109.95","109.12","0.46%"
"Nov 17, 2016","109.34","108.87","109.44","108.40","0.44%"
"Nov 16, 2016","108.86","108.94","109.47","108.61","-0.11%"
"Nov 15, 2016","108.98","108.64","109.14","108.21","0.31%"
"Nov 14, 2016","108.64","107.80","108.80","107.69","0.67%"
"Nov 11, 2016","107.92","108.28","108.50","107.50","-0.29%"
"Nov 10, 2016","108.23","107.35","108.41","106.83","0.83%"
"Nov 09, 2016","107.34","107.56","107.78","105.47","-0.18%"
"Nov 08, 2016","107.53","107.28","107.82","106.94","0.28%"
"Nov 07, 2016","107.23","106.45","107.36","106.21","0.70%"
"Nov 04, 2016","106.48","105.78","106.62","105.53","0.70%"
"Nov 03, 2016","105.74","106.13","106.42","105.57","-0.38%"
"Nov 02, 2016","106.14","106.79","106.90","106.05","-0.60%"
"Nov 01, 2016","106.78","106.00","106.98","105.73","0.76%"
"Oct 31, 2016","105.97","106.03","106.36","105.58","0.06%"
"Oct 28, 2016","105.91","105.98","106.28","105.72","-0.06%"
"Oct 27, 2016","105.97","105.19","106.06","104.92","0.76%"
"Oct 26, 2016","105.17","104.84","105.37","104.52","0.34%"
"Oct 25, 2016","104.81","104.91","105.26","104.63","-0.05%"
"Oct 24, 2016","104.86","104.39","105.19","104.34","0.33%"
"Oct 21, 2016","104.52","104.67","104.98","103.98","-0.18%"
"Oct 20, 2016","104.71","104.67","105.44","104.39","0.10%"
"Oct 19, 2016","104.61","104.86","105.03","104.22","-0.30%"
"Oct 18, 2016","104.92","105.09","105.50","104.81","-0.10%"
"Oct 17, 2016","105.03","105.05","105.47","104.84","-0.19%"
"Oct 14, 2016","105.23","105.14","105.70","104.89","0.09%"
"Oct 13, 2016","105.14","105.19","105.62","104.53","-0.05%"
"Oct 12, 2016","105.19","104.63","105.65","104.47","0.48%"
"Oct 11, 2016","104.69","105.47","105.84","104.31","-0.72%"
"Oct 10, 2016","105.45","105.21","105.74","105.13","0.14%"
"Oct 07, 2016","105.30","106.02","106.11","105.12","-0.65%"
"Oct 06, 2016","105.99","106.25","106.38","105.72","-0.24%"
"Oct 05, 2016","106.25","105.05","106.48","104.88","1.08%"
"Oct 04, 2016","105.11","104.43","105.40","104.23","0.67%"
"Oct 03, 2016","104.41","104.32","104.59","104.06","0.10%"
"Sep 30, 2016","104.31","104.57","105.30","103.63","-0.24%"
"Sep 29, 2016","104.56","103.61","105.27","103.56","0.86%"
"Sep 28, 2016","103.67","103.44","103.84","103.24","0.21%"
"Sep 27, 2016","103.45","103.47","104.19","103.12","-0.06%"
"Sep 26, 2016","103.51","104.03","104.32","103.43","-0.50%"
"Sep 23, 2016","104.03","103.96","104.41","103.68","0.03%"
"Sep 22, 2016","104.00","103.03","104.41","102.89","0.96%"
"Sep 21, 2016","103.01","103.91","104.81","102.83","-0.82%"
"Sep 20, 2016","103.86","104.05","104.30","103.67","-0.15%"
"Sep 19, 2016","104.02","104.19","104.53","103.60","-0.27%"
"Sep 16, 2016","104.30","105.03","105.15","104.17","-0.71%"
"Sep 15, 2016","105.05","105.24","105.63","104.75","-0.16%"
"Sep 14, 2016","105.22","105.06","105.88","104.78","0.19%"
"Sep 13, 2016","105.02","104.78","105.40","104.33","0.21%"
"Sep 12, 2016","104.80","105.16","105.33","104.44","-0.45%"
"Sep 09, 2016","105.27","105.42","105.78","104.85","-0.10%"
"Sep 08, 2016","105.38","104.92","105.44","104.66","0.45%"
"Sep 07, 2016","104.91","105.19","105.30","104.31","-0.29%"
"Sep 06, 2016","105.21","105.57","105.89","104.96","-0.33%"
"Sep 05, 2016","105.56","106.02","106.28","105.36","-0.42%"
"Sep 02, 2016","106.01","105.35","106.42","105.28","0.64%"
"Sep 01, 2016","105.34","105.17","105.63","104.74","0.21%"
"Aug 31, 2016","105.12","104.66","105.40","104.48","0.44%"
"Aug 30, 2016","104.66","104.21","104.95","104.00","0.46%"
"Aug 29, 2016","104.18","104.13","104.83","103.99","0.21%"
"Aug 26, 2016","103.96","103.86","104.33","103.46","0.08%"
"Aug 25, 2016","103.88","103.88","104.23","103.72","0.00%"
"Aug 24, 2016","103.88","104.03","104.36","103.52","-0.18%"
"Aug 23, 2016","104.07","104.30","104.47","103.98","-0.17%"
"Aug 22, 2016","104.25","104.38","104.95","104.08","-0.04%"
"Aug 19, 2016","104.29","104.65","105.15","104.15","-0.37%"
"Aug 18, 2016","104.68","104.18","104.86","103.65","0.44%"
"Aug 17, 2016","104.22","104.33","105.06","103.95","-0.09%"
"Aug 16, 2016","104.31","104.08","104.47","103.25","0.22%"
"Aug 15, 2016","104.08","103.80","104.17","103.50","0.12%"
"Aug 12, 2016","103.96","104.52","104.88","103.56","-0.52%"
"Aug 11, 2016","104.50","103.86","104.70","103.58","0.62%"
"Aug 10, 2016","103.86","103.89","104.00","103.28","0.03%"
"Aug 09, 2016","103.83","104.31","104.36","103.62","-0.42%"
"Aug 08, 2016","104.27","103.82","104.53","103.82","0.44%"
"Aug 05, 2016","103.81","103.89","104.30","103.42","-0.08%"
"Aug 04, 2016","103.89","104.03","104.58","103.70","-0.13%"
"Aug 03, 2016","104.03","104.64","105.02","103.84","-0.58%"
"Aug 02, 2016","104.64","105.70","106.24","104.38","-1.03%"
"Aug 01, 2016","105.73","105.28","106.04","105.18","0.40%"
"Jul 29, 2016","105.31","107.34","107.46","105.16","-1.86%"
"Jul 28, 2016","107.31","106.92","107.58","106.09","0.39%"
"Jul 27, 2016","106.89","105.45","107.41","105.39","1.37%"
"Jul 26, 2016","105.45","107.31","107.47","105.22","-1.73%"
"Jul 25, 2016","107.31","107.36","108.06","107.20","-0.11%"
"Jul 22, 2016","107.43","107.36","107.97","107.11","0.07%"
"Jul 21, 2016","107.35","108.18","108.95","106.81","-0.82%"
"Jul 20, 2016","108.24","107.66","108.48","107.28","0.51%"
"Jul 19, 2016","107.69","108.06","108.22","107.36","-0.34%"
"Jul 18, 2016","108.06","106.63","108.21","106.63","1.28%"
"Jul 15, 2016","106.69","107.43","108.51","106.37","-0.67%"
"Jul 14, 2016","107.41","106.09","108.33","105.64","1.28%"
"Jul 13, 2016","106.05","105.91","106.55","105.17","0.15%"
"Jul 12, 2016","105.89","104.58","106.52","103.97","1.24%"
"Jul 11, 2016","104.59","102.22","104.77","102.16","2.29%"
"Jul 08, 2016","102.25","103.09","103.27","102.08","-0.74%"
"Jul 07, 2016","103.01","103.96","104.01","102.79","-0.88%"
"Jul 06, 2016","103.92","104.17","104.22","102.42","-0.21%"
"Jul 05, 2016","104.14","105.55","105.73","103.85","-1.36%"
"Jul 04, 2016","105.58","105.33","105.77","105.13","0.23%"
"Jul 01, 2016","105.34","105.81","106.00","104.92","-0.45%"
"Jun 30, 2016","105.82","104.93","105.90","104.31","0.83%"
"Jun 29, 2016","104.95","104.61","105.08","103.97","0.32%"
"Jun 28, 2016","104.62","104.21","105.00","103.76","0.35%"
"Jun 27, 2016","104.25","104.83","105.28","103.47","-0.71%"
"Jun 24, 2016","105.00","110.83","111.48","101.92","-5.23%"
"Jun 23, 2016","110.79","108.90","110.91","108.51","1.72%"
"Jun 22, 2016","108.92","108.81","109.56","108.50","0.06%"
"Jun 21, 2016","108.86","108.05","109.37","107.71","0.79%"
"Jun 20, 2016","108.01","108.63","109.33","107.78","-0.42%"
"Jun 17, 2016","108.47","108.10","108.76","107.95","0.42%"
"Jun 16, 2016","108.02","110.30","110.36","107.12","-2.05%"
"Jun 15, 2016","110.28","110.16","110.40","109.57","0.11%"
"Jun 14, 2016","110.16","110.12","110.46","109.35","-0.01%"
"Jun 13, 2016","110.17","110.81","110.92","109.53","-0.67%"
"Jun 10, 2016","110.91","111.09","111.47","110.42","-0.11%"
"Jun 09, 2016","111.03","111.53","111.69","110.27","-0.45%"
"Jun 08, 2016","111.53","111.17","111.64","110.58","0.27%"
"Jun 07, 2016","111.23","110.85","111.89","110.57","0.37%"
"Jun 06, 2016","110.82","108.94","110.97","108.88","1.54%"
"Jun 03, 2016","109.14","109.92","110.42","109.05","-0.73%"
"Jun 02, 2016","109.94","110.83","111.00","109.64","-0.82%"
"Jun 01, 2016","110.85","111.44","111.56","110.35","-0.51%"
"May 31, 2016","111.42","111.97","112.39","111.17","-0.52%"
"May 30, 2016","112.00","110.84","112.22","110.84","1.06%"
"May 27, 2016","110.83","110.97","111.20","110.42","-0.11%"
"May 26, 2016","110.95","111.11","111.19","110.50","-0.22%"
"May 25, 2016","111.19","110.72","111.52","110.61","0.42%"
"May 24, 2016","110.73","110.39","110.97","110.19","0.31%"
"May 23, 2016","110.39","111.02","111.28","110.20","-0.76%"
"May 20, 2016","111.24","111.03","111.62","110.83","0.22%"
"May 19, 2016","111.00","111.61","111.81","110.86","-0.50%"
"May 18, 2016","111.56","111.26","111.99","110.88","0.23%"
"May 17, 2016","111.30","111.50","112.19","111.19","-0.18%"
"May 16, 2016","111.50","111.33","111.67","111.19","0.14%"
"May 13, 2016","111.34","112.37","112.45","111.23","-0.91%"
"May 12, 2016","112.36","111.62","112.83","111.41","0.64%"
"May 11, 2016","111.64","111.96","112.13","111.40","-0.28%"
"May 10, 2016","111.95","111.53","112.34","111.44","0.38%"
"May 09, 2016","111.53","110.14","111.98","110.03","1.24%"
"May 06, 2016","110.16","110.86","111.02","109.83","-0.60%"
"May 05, 2016","110.83","111.75","111.94","110.58","-0.82%"
"May 04, 2016","111.75","111.73","112.31","111.31","-0.02%"
"May 03, 2016","111.77","111.48","111.90","110.88","0.25%"
"May 02, 2016","111.49","110.88","111.78","110.74","0.60%"
"Apr 29, 2016","110.83","111.82","111.96","110.71","-0.89%"
"Apr 28, 2016","111.83","114.80","115.08","111.67","-2.56%"
"Apr 27, 2016","114.77","114.33","114.94","113.96","0.38%"
"Apr 26, 2016","114.34","114.08","114.65","113.44","0.25%"
"Apr 25, 2016","114.06","114.22","114.34","113.55","-0.16%"
"Apr 22, 2016","114.24","112.16","114.35","112.06","1.80%"
"Apr 21, 2016","112.22","112.97","113.72","112.06","-0.69%"
"Apr 20, 2016","113.00","113.44","113.81","112.75","-0.47%"
"Apr 19, 2016","113.53","112.83","114.07","112.66","0.58%"
"Apr 18, 2016","112.87","111.79","113.16","111.41","0.41%"
"Apr 15, 2016","112.41","113.03","113.54","112.12","-0.65%"
"Apr 14, 2016","113.14","113.01","113.46","112.56","0.04%"
"Apr 13, 2016","113.09","113.66","113.91","112.84","-0.48%"
"Apr 12, 2016","113.63","113.11","113.97","112.83","0.42%"
"Apr 11, 2016","113.15","113.27","113.80","112.81","-0.06%"
"Apr 08, 2016","113.22","113.17","114.22","112.96","-0.02%"
"Apr 07, 2016","113.24","114.83","114.92","112.63","-1.42%"
"Apr 06, 2016","114.87","115.39","115.59","114.34","-0.49%"
"Apr 05, 2016","115.43","116.04","116.17","114.86","-0.57%"
"Apr 04, 2016","116.09","116.44","116.66","115.68","-0.45%"
"Apr 01, 2016","116.62","116.98","117.30","116.27","-0.38%"
"Mar 31, 2016","117.06","116.47","117.50","116.03","0.48%"
"Mar 30, 2016","116.50","116.47","117.25","115.97","-0.05%"
"Mar 29, 2016","116.56","116.42","116.86","116.06","0.05%"
"Mar 28, 2016","116.50","115.61","116.59","115.50","0.73%"
"Mar 25, 2016","115.66","115.68","116.14","115.31","-0.06%"
"Mar 24, 2016","115.73","115.14","115.75","114.99","0.43%"
"Mar 23, 2016","115.23","115.45","116.02","114.89","-0.26%"
"Mar 22, 2016","115.53","115.39","115.78","114.41","0.09%"
"Mar 21, 2016","115.43","114.92","115.54","114.42","0.37%"
"Mar 18, 2016","115.00","115.08","115.47","114.47","-0.10%"
"Mar 17, 2016","115.11","115.22","115.54","114.17","-0.11%"
"Mar 16, 2016","115.24","114.57","115.47","114.34","0.51%"
"Mar 15, 2016","114.65","115.25","115.49","114.09","-0.56%"
"Mar 14, 2016","115.29","115.77","115.97","114.85","-0.37%"
"Mar 11, 2016","115.72","114.82","116.03","114.42","0.73%"
"Mar 10, 2016","114.88","113.64","115.59","113.07","1.01%"
"Mar 09, 2016","113.73","113.00","113.80","111.86","0.62%"
"Mar 08, 2016","113.03","113.95","114.12","112.82","-0.85%"
"Mar 07, 2016","114.00","114.42","114.86","113.24","-0.40%"
"Mar 04, 2016","114.46","114.52","114.94","113.94","-0.03%"
"Mar 03, 2016","114.50","113.78","114.85","113.65","0.58%"
"Mar 02, 2016","113.84","114.24","114.72","113.56","-0.41%"
"Mar 01, 2016","114.31","112.82","114.47","112.28","1.28%"
"Feb 29, 2016","112.86","114.33","114.42","112.46","-1.32%"
"Feb 26, 2016","114.37","114.06","114.52","113.56","0.24%"
"Feb 25, 2016","114.10","113.37","114.27","112.95","0.58%"
"Feb 24, 2016","113.44","113.03","113.47","112.26","0.29%"
"Feb 23, 2016","113.11","112.89","113.32","112.16","0.14%"
"Feb 22, 2016","112.95","113.60","114.08","112.79","-0.63%"
"Feb 19, 2016","113.67","113.96","114.23","113.20","-0.31%"
"Feb 18, 2016","114.02","114.91","115.19","113.76","-0.83%"
"Feb 17, 2016","114.98","115.29","115.67","114.57","-0.36%"
"Feb 16, 2016","115.39","116.00","116.38","114.91","-0.58%"
"Feb 15, 2016","116.06","115.80","116.41","115.53","0.18%"
"Feb 12, 2016","115.85","115.55","116.32","114.71","0.26%"
"Feb 11, 2016","115.55","116.34","116.67","114.35","-0.73%"
"Feb 10, 2016","116.40","118.27","118.46","116.22","-1.64%"
"Feb 09, 2016","118.34","117.29","118.68","116.00","0.84%"
"Feb 08, 2016","117.36","117.83","118.30","116.59","-0.51%"
"Feb 05, 2016","117.96","117.47","118.08","117.11","0.34%"
"Feb 04, 2016","117.56","117.38","117.97","116.85","0.14%"
"Feb 03, 2016","117.40","117.70","117.84","116.75","-0.32%"
"Feb 02, 2016","117.78","118.54","118.78","117.45","-0.72%"
"Feb 01, 2016","118.63","118.26","119.13","118.23","0.27%"
"Jan 29, 2016","118.31","117.12","119.07","116.69","0.93%"
"Jan 28, 2016","117.22","116.81","117.50","116.42","0.27%"
"Jan 27, 2016","116.90","116.37","117.20","115.96","0.40%"
"Jan 26, 2016","116.44","116.75","116.95","116.08","-0.31%"
"Jan 25, 2016","116.80","116.86","117.24","116.50","-0.09%"
"Jan 22, 2016","116.91","116.82","117.42","116.14","0.05%"
"Jan 21, 2016","116.85","116.33","117.06","115.25","0.39%"
"Jan 20, 2016","116.40","117.14","117.35","115.67","-0.71%"
"Jan 19, 2016","117.23","116.61","117.64","116.47","0.44%"
"Jan 18, 2016","116.72","116.61","117.03","116.34","-0.05%"
"Jan 15, 2016","116.78","117.33","117.70","116.50","-0.56%"
"Jan 14, 2016","117.44","116.95","117.69","116.46","0.41%"
"Jan 13, 2016","116.96","117.31","117.84","116.75","-0.37%"
"Jan 12, 2016","117.39","117.46","117.95","117.07","-0.09%"
"Jan 11, 2016","117.50","117.95","118.38","116.98","-0.45%"
"Jan 08, 2016","118.03","118.39","118.89","117.83","-0.37%"
"Jan 07, 2016","118.47","117.52","118.52","116.69","0.75%"
"Jan 06, 2016","117.59","117.98","118.25","117.05","-0.39%"
"Jan 05, 2016","118.05","119.12","119.48","117.49","-0.96%"
"Jan 04, 2016","119.19","120.03","120.46","118.45","-0.80%"
"Jan 01, 2016","120.15","120.07","120.16","119.97","0.07%"
"Dec 31, 2015","120.07","121.84","122.05","119.75","-1.49%"
"Dec 30, 2015","121.88","121.20","122.34","121.08","0.48%"
"Dec 29, 2015","121.30","121.73","122.07","121.03","-0.44%"
"Dec 28, 2015","121.84","121.81","122.34","121.48","-0.08%"
"Dec 25, 2015","121.94","122.01","122.59","121.39","-0.12%"
"Dec 24, 2015","122.09","121.95","122.93","121.57","0.02%"
"Dec 23, 2015","122.06","122.53","123.08","121.49","-0.52%"
"Dec 22, 2015","122.70","122.09","122.77","121.69","0.43%"
"Dec 21, 2015","122.17","122.01","122.55","121.70","0.08%"
"Dec 18, 2015","122.07","123.01","124.15","121.54","-0.88%"
"Dec 17, 2015","123.15","123.37","123.97","122.50","-0.23%"
"Dec 16, 2015","123.44","122.68","123.94","122.48","0.59%"
"Dec 15, 2015","122.71","122.86","123.28","122.45","-0.10%"
"Dec 14, 2015","122.83","122.89","123.40","122.37","-0.07%"
"Dec 11, 2015","122.91","123.09","123.69","122.64","-0.19%"
"Dec 10, 2015","123.14","123.56","123.89","122.58","-0.30%"
"Dec 09, 2015","123.51","123.88","124.13","122.95","-0.34%"
"Dec 08, 2015","123.93","123.31","124.04","122.96","0.47%"
"Dec 07, 2015","123.35","123.51","123.70","122.78","-0.17%"
"Dec 04, 2015","123.56","123.32","123.78","122.56","0.11%"
"Dec 03, 2015","123.43","120.94","123.89","120.31","1.98%"
"Dec 02, 2015","121.03","119.73","121.10","119.51","1.05%"
"Dec 01, 2015","119.77","119.63","119.91","119.17","0.09%"
"Nov 30, 2015","119.66","119.14","120.09","118.90","0.40%"
"Nov 27, 2015","119.18","119.74","120.12","118.59","-0.50%"
"Nov 26, 2015","119.78","120.05","120.26","119.44","-0.31%"
"Nov 25, 2015","120.15","120.43","120.69","119.71","-0.30%"
"Nov 24, 2015","120.51","120.53","120.81","120.15","-0.08%"
"Nov 23, 2015","120.61","120.60","121.06","120.33","-0.03%"
"Nov 20, 2015","120.65","121.24","121.55","120.26","-0.55%"
"Nov 19, 2015","121.32","121.14","121.69","120.61","0.08%"
"Nov 18, 2015","121.22","121.64","121.86","120.78","-0.39%"
"Nov 17, 2015","121.69","121.88","122.44","121.27","-0.30%"
"Nov 16, 2015","122.06","121.53","122.50","121.07","0.20%"
"Nov 13, 2015","121.82","122.63","122.84","121.58","-0.63%"
"Nov 12, 2015","122.59","122.16","122.88","121.82","0.28%"
"Nov 11, 2015","122.25","122.36","122.75","122.04","-0.15%"
"Nov 10, 2015","122.43","122.79","123.09","122.05","-0.27%"
"Nov 09, 2015","122.76","122.33","123.47","122.33","0.36%"
"Nov 06, 2015","122.32","122.29","122.82","121.53","-0.02%"
"Nov 05, 2015","122.34","122.34","122.62","121.76","-0.02%"
"Nov 04, 2015","122.36","122.15","122.67","121.82","0.17%"
"Nov 03, 2015","122.15","122.34","122.62","121.85","-0.17%"
"Nov 02, 2015","122.36","122.01","122.67","121.75","0.22%"
"Oct 30, 2015","122.09","122.39","122.76","121.54","-0.28%"
"Oct 29, 2015","122.43","121.68","122.48","121.08","0.47%"
"Oct 28, 2015","121.86","122.15","122.69","121.45","-0.27%"
"Oct 27, 2015","122.19","123.03","123.26","121.78","-0.76%"
"Oct 26, 2015","123.12","124.03","124.18","122.83","-0.79%"
"Oct 23, 2015","124.10","124.04","124.28","123.35","0.03%"
"Oct 22, 2015","124.06","124.95","125.21","123.50","-0.74%"
"Oct 21, 2015","124.98","125.27","125.91","124.78","-0.28%"
"Oct 20, 2015","125.33","124.87","126.06","124.71","0.35%"
"Oct 19, 2015","124.89","125.16","125.34","124.60","-0.30%"
"Oct 16, 2015","125.27","124.99","125.68","124.53","0.20%"
"Oct 15, 2015","125.02","125.07","125.56","124.06","-0.08%"
"Oct 14, 2015","125.12","124.95","125.47","124.63","0.08%"
"Oct 13, 2015","125.02","124.59","125.30","124.20","0.21%"
"Oct 12, 2015","124.76","124.94","125.30","124.45","-0.27%"
"Oct 09, 2015","125.10","124.17","125.47","123.77","0.78%"
"Oct 08, 2015","124.13","123.30","124.42","122.99","0.70%"
"Oct 07, 2015","123.27","124.29","124.53","123.02","-0.88%"
"Oct 06, 2015","124.36","123.51","124.45","123.07","0.67%"
"Oct 05, 2015","123.53","123.37","124.09","123.09","0.05%"
"Oct 02, 2015","123.47","122.72","123.71","122.31","0.61%"
"Oct 01, 2015","122.72","123.10","123.36","122.18","-0.36%"
"Sep 30, 2015","123.16","123.22","123.75","122.38","-0.07%"
"Sep 29, 2015","123.25","123.11","123.66","122.72","0.07%"
"Sep 28, 2015","123.16","123.10","123.30","122.28","-0.06%"
"Sep 25, 2015","123.23","123.11","124.02","122.47","0.06%"
"Sep 24, 2015","123.15","122.73","123.42","122.29","0.29%"
"Sep 23, 2015","122.80","123.11","123.70","122.51","-0.34%"
"Sep 22, 2015","123.22","123.96","124.16","122.82","-0.67%"
"Sep 21, 2015","124.05","123.78","124.72","123.50","0.11%"
"Sep 18, 2015","123.91","124.88","125.33","123.54","-0.89%"
"Sep 17, 2015","125.02","124.05","125.46","123.99","0.71%"
"Sep 16, 2015","124.14","123.60","124.87","123.30","0.34%"
"Sep 15, 2015","123.72","124.21","124.66","123.07","-0.35%"
"Sep 14, 2015","124.15","124.10","124.78","123.47","-0.24%"
"Sep 11, 2015","124.45","123.83","124.61","123.08","0.43%"
"Sep 10, 2015","123.92","123.44","124.39","122.91","0.24%"
"Sep 09, 2015","123.62","122.39","124.19","122.25","0.96%"
"Sep 08, 2015","122.44","122.35","123.35","122.02","0.11%"
"Sep 07, 2015","122.31","122.27","123.00","122.06","-0.11%"
"Sep 04, 2015","122.44","123.28","123.56","121.84","-0.75%"
"Sep 03, 2015","123.37","124.21","124.56","122.65","-0.68%"
"Sep 02, 2015","124.22","124.54","125.34","123.65","-0.24%"
"Sep 01, 2015","124.52","125.34","125.84","124.23","-0.67%"
"Aug 31, 2015","125.36","126.30","126.36","125.10","-0.88%"
"Aug 28, 2015","126.47","125.23","126.55","125.07","0.95%"
"Aug 27, 2015","125.28","125.63","126.52","124.88","-0.30%"
"Aug 26, 2015","125.66","126.46","127.06","125.20","-0.71%"
"Aug 25, 2015","126.56","127.12","128.41","126.09","-0.54%"
"Aug 24, 2015","127.25","128.63","129.08","125.17","-1.27%"
"Aug 21, 2015","128.89","128.70","129.06","128.07","0.12%"
"Aug 20, 2015","128.74","128.07","128.91","127.91","0.37%"
"Aug 19, 2015","128.27","127.25","128.43","126.98","0.76%"
"Aug 18, 2015","127.30","127.05","127.62","126.85","0.21%"
"Aug 17, 2015","127.03","127.16","127.68","126.85","-0.27%"
"Aug 14, 2015","127.38","127.36","127.66","126.89","-0.04%"
"Aug 13, 2015","127.43","127.24","127.82","126.97","0.08%"
"Aug 12, 2015","127.33","126.53","128.05","126.13","0.52%"
"Aug 11, 2015","126.67","126.66","127.44","126.24","-0.02%"
"Aug 10, 2015","126.69","126.11","127.11","125.89","0.33%"
"Aug 07, 2015","126.27","127.06","127.46","126.00","-0.72%"
"Aug 06, 2015","127.18","127.51","127.75","126.70","-0.30%"
"Aug 05, 2015","127.56","127.10","127.66","126.64","0.38%"
"Aug 04, 2015","127.08","127.91","128.33","126.88","-0.69%"
"Aug 03, 2015","127.96","128.30","128.62","127.63","-0.27%"
"Jul 31, 2015","128.31","127.94","129.50","127.86","0.18%"
"Jul 30, 2015","128.08","128.00","128.46","127.70","0.04%"
"Jul 29, 2015","128.03","128.31","128.90","127.79","-0.27%"
"Jul 28, 2015","128.38","127.92","128.56","127.78","0.30%"
"Jul 27, 2015","128.00","128.38","129.44","127.76","-0.44%"
"Jul 24, 2015","128.56","129.00","129.41","128.25","-0.42%"
"Jul 23, 2015","129.10","129.14","129.96","128.83","-0.08%"
"Jul 22, 2015","129.20","129.21","129.44","128.52","-0.02%"
"Jul 21, 2015","129.23","128.80","129.81","128.69","0.32%"
"Jul 20, 2015","128.82","128.95","129.45","128.69","-0.20%"
"Jul 17, 2015","129.08","129.65","129.82","128.78","-0.42%"
"Jul 16, 2015","129.62","129.95","130.29","129.34","-0.30%"
"Jul 15, 2015","130.01","130.43","130.84","129.70","-0.43%"
"Jul 14, 2015","130.57","129.83","131.01","129.37","0.53%"
"Jul 13, 2015","129.88","129.87","131.38","129.65","-0.63%"
"Jul 10, 2015","130.71","127.97","131.24","127.73","2.12%"
"Jul 09, 2015","128.00","127.63","128.90","127.34","0.26%"
"Jul 08, 2015","127.67","129.37","129.55","127.05","-1.37%"
"Jul 07, 2015","129.44","129.98","130.29","128.35","-0.45%"
"Jul 06, 2015","130.03","129.73","130.27","128.85","-0.41%"
"Jul 03, 2015","130.57","130.39","130.92","129.96","0.10%"
"Jul 02, 2015","130.44","129.85","130.72","129.71","0.42%"
"Jul 01, 2015","129.89","130.92","131.43","129.71","-0.80%"
"Jun 30, 2015","130.94","132.45","132.56","130.15","-1.17%"
"Jun 29, 2015","132.49","131.48","132.54","129.62","-0.20%"
"Jun 26, 2015","132.75","131.91","133.04","131.49","0.60%"
"Jun 25, 2015","131.96","132.58","132.75","131.20","-0.51%"
"Jun 24, 2015","132.63","132.62","133.48","132.27","-0.04%"
"Jun 23, 2015","132.68","133.84","134.01","132.09","-0.90%"
"Jun 22, 2015","133.88","133.81","134.54","133.38","0.14%"
"Jun 19, 2015","133.69","133.44","133.88","132.69","0.17%"
"Jun 18, 2015","133.46","133.70","134.21","133.02","-0.22%"
"Jun 17, 2015","133.75","132.27","134.67","132.20","1.08%"
"Jun 16, 2015","132.32","132.71","133.31","132.01","-0.35%"
"Jun 15, 2015","132.78","132.74","133.05","131.38","-0.02%"
"Jun 12, 2015","132.81","132.11","133.29","131.62","0.43%"
"Jun 11, 2015","132.24","131.56","132.55","131.54","0.42%"
"Jun 10, 2015","131.69","133.49","133.87","131.47","-1.39%"
"Jun 09, 2015","133.54","134.20","134.67","133.09","-0.53%"
"Jun 08, 2015","134.25","133.62","134.52","132.98","0.39%"
"Jun 05, 2015","133.73","133.18","134.35","132.24","0.38%"
"Jun 04, 2015","133.23","132.98","133.69","132.52","0.13%"
"Jun 03, 2015","133.06","132.95","133.27","132.14","0.05%"
"Jun 02, 2015","133.00","131.87","133.29","131.71","0.82%"
"Jun 01, 2015","131.92","131.97","132.12","130.86","-0.08%"
"May 29, 2015","132.03","131.33","132.50","130.62","0.52%"
"May 28, 2015","131.35","130.24","131.50","130.08","0.84%"
"May 27, 2015","130.26","129.10","130.54","128.97","0.87%"
"May 26, 2015","129.14","128.57","130.06","128.42","0.40%"
"May 25, 2015","128.63","128.62","129.34","128.33","-0.09%"
"May 22, 2015","128.74","129.17","130.09","128.37","-0.36%"
"May 21, 2015","129.20","129.38","130.12","128.90","-0.21%"
"May 20, 2015","129.47","128.79","129.76","128.57","0.50%"
"May 19, 2015","128.82","129.46","129.78","128.11","-0.53%"
"May 18, 2015","129.50","130.19","130.60","129.44","-0.57%"
"May 15, 2015","130.24","130.48","131.13","129.22","-0.24%"
"May 14, 2015","130.55","129.94","131.35","129.82","0.44%"
"May 13, 2015","129.98","128.98","130.09","128.76","0.78%"
"May 12, 2015","128.98","128.49","130.29","128.29","0.35%"
"May 11, 2015","128.53","128.52","129.12","128.06","-0.13%"
"May 08, 2015","128.70","129.86","130.44","128.35","-0.93%"
"May 07, 2015","129.91","130.33","131.46","129.57","-0.36%"
"May 06, 2015","130.38","129.33","130.92","129.16","0.73%"
"May 05, 2015","129.43","128.60","129.80","127.63","0.59%"
"May 04, 2015","128.67","128.82","129.09","127.93","-0.15%"
"May 01, 2015","128.86","127.91","129.16","127.85","0.67%"
"Apr 30, 2015","128.00","126.63","128.31","125.76","1.06%"
"Apr 29, 2015","126.66","124.36","127.25","124.03","1.80%"
"Apr 28, 2015","124.42","124.66","125.07","123.85","-0.21%"
"Apr 27, 2015","124.68","124.69","125.47","124.27","-0.02%"
"Apr 24, 2015","124.71","125.21","125.57","124.42","-0.43%"
"Apr 23, 2015","125.25","123.34","125.53","123.29","1.49%"
"Apr 22, 2015","123.41","125.19","125.73","123.33","-1.54%"
"Apr 21, 2015","125.34","124.53","125.69","124.04","0.58%"
"Apr 20, 2015","124.62","124.76","125.21","123.93","-0.24%"
"Apr 17, 2015","124.92","124.40","125.08","123.95","0.35%"
"Apr 16, 2015","124.48","123.49","124.66","122.64","0.77%"
"Apr 15, 2015","123.53","122.69","123.60","122.20","0.67%"
"Apr 14, 2015","122.71","122.78","123.20","122.10","-0.11%"
"Apr 13, 2015","122.84","122.60","123.25","121.88","0.06%"
"Apr 10, 2015","122.77","123.29","123.59","122.30","-0.48%"
"Apr 09, 2015","123.36","124.24","124.40","123.05","-0.74%"
"Apr 08, 2015","124.28","124.39","124.78","123.96","-0.18%"
"Apr 07, 2015","124.51","124.64","125.33","124.33","-0.14%"
"Apr 06, 2015","124.69","124.90","125.33","124.42","-0.23%"
"Apr 03, 2015","124.98","124.70","125.82","124.41","0.20%"
"Apr 02, 2015","124.73","123.84","125.18","123.58","0.68%"
"Apr 01, 2015","123.89","123.47","124.16","123.13","0.30%"
"Mar 31, 2015","123.52","124.09","124.40","122.96","-0.50%"
"Mar 30, 2015","124.14","123.86","124.64","123.37","0.17%"
"Mar 27, 2015","123.93","123.73","124.62","123.07","0.12%"
"Mar 26, 2015","123.78","124.47","124.93","123.37","-0.58%"
"Mar 25, 2015","124.50","124.95","125.11","124.16","-0.38%"
"Mar 24, 2015","124.98","123.88","125.40","123.39","0.86%"
"Mar 23, 2015","123.92","122.83","124.19","122.22","0.69%"
"Mar 20, 2015","123.07","121.97","123.76","121.86","0.88%"
"Mar 19, 2015","122.00","122.74","123.00","120.84","-0.61%"
"Mar 18, 2015","122.75","120.58","124.11","120.36","1.78%"
"Mar 17, 2015","120.60","120.37","121.21","120.19","0.17%"
"Mar 16, 2015","120.40","120.77","121.01","120.27","-0.34%"
"Mar 13, 2015","120.81","120.94","121.10","120.02","-0.17%"
"Mar 12, 2015","121.02","120.32","121.25","119.85","0.57%"
"Mar 11, 2015","120.33","121.17","121.70","120.05","-0.71%"
"Mar 10, 2015","121.19","122.87","123.36","121.05","-1.38%"
"Mar 09, 2015","122.89","122.38","123.24","122.21","0.29%"
"Mar 06, 2015","122.53","123.24","123.67","122.34","-0.62%"
"Mar 05, 2015","123.30","124.22","124.70","123.17","-0.76%"
"Mar 04, 2015","124.25","124.51","124.83","123.58","-0.26%"
"Mar 03, 2015","124.58","125.31","125.61","124.31","-0.63%"
"Mar 02, 2015","125.37","125.27","125.82","124.97","-0.02%"
"Feb 27, 2015","125.40","125.25","126.35","124.92","0.07%"
"Feb 26, 2015","125.31","125.31","125.74","124.73","0.00%"
"Feb 25, 2015","125.31","125.15","125.61","124.72","0.10%"
"Feb 24, 2015","125.18","125.12","126.09","124.89","0.05%"
"Feb 23, 2015","125.12","126.60","126.81","124.69","-1.11%"
"Feb 20, 2015","126.53","125.24","126.73","124.30","1.01%"
"Feb 19, 2015","125.27","126.05","126.57","125.14","-0.63%"
"Feb 18, 2015","126.07","127.23","127.93","125.73","-0.97%"
"Feb 17, 2015","127.31","127.07","127.94","126.49","0.17%"
"Feb 16, 2015","127.09","127.13","127.74","126.69","-0.22%"
"Feb 13, 2015","127.37","127.86","128.33","127.08","-0.45%"
"Feb 12, 2015","127.95","129.71","130.03","127.50","-1.38%"
"Feb 11, 2015","129.74","128.89","130.08","128.63","0.62%"
"Feb 10, 2015","128.94","128.42","129.28","127.98","0.39%"
"Feb 09, 2015","128.44","128.39","129.01","127.68","-0.10%"
"Feb 06, 2015","128.57","127.55","129.12","126.70","0.77%"
"Feb 05, 2015","127.59","126.56","127.69","126.04","0.76%"
"Feb 04, 2015","126.63","127.12","127.74","126.26","-0.42%"
"Feb 03, 2015","127.17","126.63","127.72","125.83","0.41%"
"Feb 02, 2015","126.65","127.44","127.57","125.69","-0.68%"
"Jan 30, 2015","127.52","127.96","128.44","126.51","-0.41%"
"Jan 29, 2015","128.05","129.75","130.02","127.50","-1.38%"
"Jan 28, 2015","129.84","130.44","131.23","129.25","-0.54%"
"Jan 27, 2015","130.55","131.13","132.21","128.83","-0.50%"
"Jan 26, 2015","131.20","133.62","134.82","130.88","-1.88%"
"Jan 23, 2015","133.72","135.87","136.87","133.53","-1.67%"
"Jan 22, 2015","135.99","137.03","138.08","134.97","-0.84%"
"Jan 21, 2015","137.14","135.62","138.36","134.05","1.09%"
"Jan 20, 2015","135.66","133.56","136.46","133.51","1.50%"
"Jan 19, 2015","133.66","137.09","137.24","133.47","-2.57%"
"Jan 16, 2015","137.19","135.31","138.99","132.32","1.36%"
"Jan 15, 2015","135.35","115.11","157.48","114.65","17.50%"
"Jan 14, 2015","115.19","115.58","115.68","114.01","-0.35%"
"Jan 13, 2015","115.60","116.58","117.01","115.11","-0.87%"
"Jan 12, 2015","116.62","116.82","117.35","116.33","-0.21%"
"Jan 09, 2015","116.87","117.48","117.75","116.68","-0.53%"
"Jan 08, 2015","117.49","117.55","117.99","117.12","-0.07%"
"Jan 07, 2015","117.57","117.18","117.97","116.75","0.30%"
"Jan 06, 2015","117.22","118.76","118.83","117.12","-1.33%"
"Jan 05, 2015","118.80","120.28","120.41","118.42","-1.29%"
"Jan 02, 2015","120.35","120.49","120.92","119.90","-0.14%"
"Jan 01, 2015","120.52","120.34","120.65","120.21","0.12%"
"Dec 31, 2014","120.38","120.76","121.06","120.29","-0.36%"
"Dec 30, 2014","120.81","121.88","122.03","120.32","-0.91%"
"Dec 29, 2014","121.92","121.83","122.41","121.73","0.02%"
"Dec 26, 2014","121.89","121.97","122.36","121.72","-0.09%"
"Dec 25, 2014","122.00","122.19","122.62","121.84","-0.18%"
"Dec 24, 2014","122.22","122.13","122.41","121.72","0.06%"
"Dec 23, 2014","122.15","121.35","122.38","121.20","0.08%"
"Dec 22, 2014","122.05","121.46","122.26","121.20","0.45%"
"Dec 19, 2014","121.50","121.22","121.89","121.16","0.19%"
"Dec 18, 2014","121.27","121.88","122.21","120.58","-0.55%"
"Dec 17, 2014","121.94","121.21","122.26","120.98","0.56%"
"Dec 16, 2014","121.26","121.96","122.44","120.67","-0.61%"
"Dec 15, 2014","122.00","123.44","123.53","121.73","-0.99%"
"Dec 12, 2014","123.22","122.57","123.44","122.29","0.54%"
"Dec 11, 2014","122.56","121.84","123.33","121.63","0.56%"
"Dec 10, 2014","121.88","123.21","123.38","121.71","-1.10%"
"Dec 09, 2014","123.23","123.59","123.84","122.10","-0.31%"
"Dec 08, 2014","123.61","124.02","124.53","123.21","-0.39%"
"Dec 05, 2014","124.09","123.29","124.37","123.21","0.62%"
"Dec 04, 2014","123.33","122.51","123.92","122.39","0.63%"
"Dec 03, 2014","122.56","122.56","122.88","122.15","-0.04%"
"Dec 02, 2014","122.61","122.68","123.14","122.45","-0.11%"
"Dec 01, 2014","122.75","122.86","123.16","122.24","-0.07%"
"Nov 28, 2014","122.84","122.07","123.25","122.05","0.61%"
"Nov 27, 2014","122.09","122.46","122.53","121.75","-0.32%"
"Nov 26, 2014","122.48","122.32","122.65","121.74","0.08%"
"Nov 25, 2014","122.38","122.33","122.55","121.58","0.00%"
"Nov 24, 2014","122.38","121.24","122.53","121.01","0.70%"
"Nov 21, 2014","121.53","123.27","123.50","121.16","-1.46%"
"Nov 20, 2014","123.33","123.19","124.19","122.99","0.03%"
"Nov 19, 2014","123.29","121.93","123.54","121.79","1.08%"
"Nov 18, 2014","121.97","120.86","122.16","120.77","0.89%"
"Nov 17, 2014","120.89","121.28","121.98","120.47","-0.30%"
"Nov 14, 2014","121.25","120.12","121.47","119.99","0.92%"
"Nov 13, 2014","120.15","119.46","120.34","119.36","0.54%"
"Nov 12, 2014","119.50","120.00","120.27","119.14","-0.46%"
"Nov 11, 2014","120.05","118.60","120.11","118.47","1.20%"
"Nov 10, 2014","118.63","118.50","118.79","118.07","0.03%"
"Nov 07, 2014","118.59","118.32","119.17","118.16","0.19%"
"Nov 06, 2014","118.36","118.87","119.76","118.06","-0.46%"
"Nov 05, 2014","118.91","118.31","119.20","118.13","0.46%"
"Nov 04, 2014","118.37","117.99","118.44","117.49","0.25%"
"Nov 03, 2014","118.07","116.76","118.25","116.39","1.23%"
"Oct 31, 2014","116.64","114.21","116.82","114.14","2.11%"
"Oct 30, 2014","114.23","114.02","114.52","113.51","0.18%"
"Oct 29, 2014","114.03","114.14","114.45","113.77","-0.12%"
"Oct 28, 2014","114.17","113.53","114.27","113.42","0.54%"
"Oct 27, 2014","113.56","113.55","113.94","113.21","-0.04%"
"Oct 24, 2014","113.61","113.44","113.70","113.10","0.12%"
"Oct 23, 2014","113.47","112.28","113.55","112.05","1.03%"
"Oct 22, 2014","112.31","112.67","112.88","112.24","-0.36%"
"Oct 21, 2014","112.72","113.39","113.51","112.42","-0.66%"
"Oct 20, 2014","113.47","113.01","113.54","112.90","0.48%"
"Oct 17, 2014","112.93","112.77","113.25","112.36","0.10%"
"Oct 16, 2014","112.82","112.62","112.89","111.18","0.12%"
"Oct 15, 2014","112.68","112.22","112.77","111.97","0.37%"
"Oct 14, 2014","112.27","112.67","112.99","111.77","-0.40%"
"Oct 13, 2014","112.72","112.34","112.88","112.07","0.25%"
"Oct 10, 2014","112.44","112.97","113.20","112.30","-0.50%"
"Oct 09, 2014","113.00","113.52","113.78","112.78","-0.48%"
"Oct 08, 2014","113.55","112.88","113.77","112.65","0.57%"
"Oct 07, 2014","112.91","113.47","113.63","112.55","-0.54%"
"Oct 06, 2014","113.52","113.38","113.64","113.04","0.10%"
"Oct 03, 2014","113.41","113.60","114.22","113.26","-0.21%"
"Oct 02, 2014","113.65","113.88","114.12","113.25","-0.23%"
"Oct 01, 2014","113.91","114.77","115.09","113.81","-0.78%"
"Sep 30, 2014","114.80","115.03","115.14","114.29","-0.25%"
"Sep 29, 2014","115.09","114.69","115.29","114.69","0.22%"
"Sep 26, 2014","114.84","114.88","115.24","114.61","-0.05%"
"Sep 25, 2014","114.90","115.28","115.59","114.63","-0.36%"
"Sep 24, 2014","115.31","115.82","115.92","115.05","-0.47%"
"Sep 23, 2014","115.85","115.76","116.19","115.26","0.03%"
"Sep 22, 2014","115.81","115.86","116.18","115.59","-0.06%"
"Sep 19, 2014","115.88","116.33","117.06","115.68","-0.46%"
"Sep 18, 2014","116.41","115.13","116.49","114.91","1.09%"
"Sep 17, 2014","115.15","114.84","115.28","114.67","0.24%"
"Sep 16, 2014","114.88","114.56","114.98","114.41","0.25%"
"Sep 15, 2014","114.59","114.85","115.10","114.38","-0.33%"
"Sep 12, 2014","114.97","114.41","115.08","114.24","0.45%"
"Sep 11, 2014","114.45","114.01","114.50","113.78","0.34%"
"Sep 10, 2014","114.06","113.77","114.41","113.60","0.22%"
"Sep 09, 2014","113.81","113.32","113.97","113.20","0.41%"
"Sep 08, 2014","113.35","112.81","113.56","112.53","0.43%"
"Sep 05, 2014","112.86","112.95","113.30","112.51","-0.10%"
"Sep 04, 2014","112.97","114.15","114.35","112.73","-1.07%"
"Sep 03, 2014","114.19","114.33","114.56","114.01","-0.12%"
"Sep 02, 2014","114.33","113.47","114.43","113.36","0.73%"
"Sep 01, 2014","113.50","113.40","113.59","113.19","0.15%"
"Aug 29, 2014","113.33","113.30","113.80","113.18","0.02%"
"Aug 28, 2014","113.31","113.54","113.70","113.12","-0.22%"
"Aug 27, 2014","113.56","113.41","113.75","113.19","0.12%"
"Aug 26, 2014","113.42","113.63","113.72","113.35","-0.21%"
"Aug 25, 2014","113.66","114.20","114.28","113.36","-0.05%"
"Aug 22, 2014","113.72","113.86","114.04","113.49","-0.17%"
"Aug 21, 2014","113.91","113.59","114.00","113.42","0.26%"
"Aug 20, 2014","113.61","113.15","113.70","113.08","0.39%"
"Aug 19, 2014","113.17","113.11","113.35","112.90","-0.20%"
"Aug 18, 2014","113.40","113.38","113.47","113.31","-0.02%"
"Aug 15, 2014","113.42","112.96","113.67","112.91","0.37%"
"Aug 14, 2014","113.00","112.82","113.34","112.76","0.11%"
"Aug 13, 2014","112.88","112.63","113.11","112.54","0.20%"
"Aug 12, 2014","112.66","112.69","112.81","112.30","-0.07%"
"Aug 11, 2014","112.74","112.71","112.88","112.51","0.00%"
"Aug 08, 2014","112.74","112.29","112.81","111.82","0.38%"
"Aug 07, 2014","112.31","112.50","112.91","112.17","-0.20%"
"Aug 06, 2014","112.54","112.81","112.88","112.06","-0.28%"
"Aug 05, 2014","112.86","113.10","113.26","112.66","-0.27%"
"Aug 04, 2014","113.16","113.20","113.38","112.91","-0.11%"
"Aug 01, 2014","113.28","113.11","113.72","113.01","0.13%"
"Jul 31, 2014","113.13","113.08","113.35","112.96","0.03%"
"Jul 30, 2014","113.10","112.56","113.24","112.45","0.45%"
"Jul 29, 2014","112.59","112.65","112.91","112.43","-0.09%"
"Jul 28, 2014","112.69","112.42","112.94","112.37","0.12%"
"Jul 25, 2014","112.55","112.78","112.97","112.41","-0.23%"
"Jul 24, 2014","112.81","112.42","112.90","112.21","0.30%"
"Jul 23, 2014","112.47","112.41","112.62","112.18","0.03%"
"Jul 22, 2014","112.44","112.87","113.07","112.34","-0.42%"
"Jul 21, 2014","112.91","112.77","112.94","112.57","0.16%"
"Jul 18, 2014","112.73","112.71","113.24","112.57","-0.02%"
"Jul 17, 2014","112.75","113.13","113.25","112.66","-0.39%"
"Jul 16, 2014","113.19","113.50","113.61","113.06","-0.31%"
"Jul 15, 2014","113.54","113.80","114.03","113.38","-0.26%"
"Jul 14, 2014","113.84","113.50","114.05","113.44","0.25%"
"Jul 11, 2014","113.56","113.53","113.73","113.31","-0.02%"
"Jul 10, 2014","113.58","114.03","114.14","113.20","-0.42%"
"Jul 09, 2014","114.06","113.73","114.19","113.58","0.27%"
"Jul 08, 2014","113.75","113.93","114.08","113.58","-0.18%"
"Jul 07, 2014","113.96","114.07","114.21","113.81","-0.20%"
"Jul 04, 2014","114.19","114.36","114.45","113.91","-0.18%"
"Jul 03, 2014","114.40","114.46","114.85","114.23","-0.09%"
"Jul 02, 2014","114.50","114.34","114.59","114.06","0.11%"
"Jul 01, 2014","114.37","114.24","114.65","114.13","0.11%"
"Jun 30, 2014","114.25","113.73","114.31","113.54","0.40%"
"Jun 27, 2014","113.79","113.81","113.92","113.38","-0.04%"
"Jun 26, 2014","113.84","114.08","114.11","113.33","-0.21%"
"Jun 25, 2014","114.08","114.06","114.21","113.80","-0.04%"
"Jun 24, 2014","114.12","113.96","114.25","113.72","0.11%"
"Jun 23, 2014","114.00","113.99","114.17","113.53","-0.01%"
"Jun 20, 2014","114.01","113.99","114.18","113.75","0.01%"
"Jun 19, 2014","114.00","113.76","114.28","113.57","0.17%"
"Jun 18, 2014","113.81","113.56","114.05","113.50","0.20%"
"Jun 17, 2014","113.58","113.50","113.72","113.35","0.07%"
"Jun 16, 2014","113.50","113.25","113.60","113.00","0.15%"
"Jun 13, 2014","113.33","113.18","113.83","113.10","0.10%"
"Jun 12, 2014","113.22","113.39","113.58","113.08","-0.19%"
"Jun 11, 2014","113.43","113.80","113.85","113.16","-0.36%"
"Jun 10, 2014","113.84","114.27","114.34","113.54","-0.40%"
"Jun 09, 2014","114.30","114.61","114.93","114.13","-0.32%"
"Jun 06, 2014","114.67","114.85","114.97","114.42","-0.18%"
"Jun 05, 2014","114.88","114.48","114.97","113.58","0.31%"
"Jun 04, 2014","114.52","114.31","114.75","114.23","0.14%"
"Jun 03, 2014","114.36","113.89","114.43","113.76","0.38%"
"Jun 02, 2014","113.93","113.67","114.06","113.44","0.18%"
"May 30, 2014","113.72","113.33","113.90","113.00","0.30%"
"May 29, 2014","113.38","113.32","113.46","112.96","0.01%"
"May 28, 2014","113.37","113.69","113.81","113.11","-0.31%"
"May 27, 2014","113.72","113.89","114.11","113.56","-0.19%"
"May 26, 2014","113.94","113.77","114.01","113.58","0.12%"
"May 23, 2014","113.80","113.68","113.92","113.38","0.02%"
"May 22, 2014","113.78","113.46","113.90","113.36","0.26%"
"May 21, 2014","113.49","113.51","113.72","113.01","-0.06%"
"May 20, 2014","113.56","113.75","113.91","113.26","-0.18%"
"May 19, 2014","113.77","113.67","114.00","113.30","0.04%"
"May 16, 2014","113.72","113.96","114.21","113.62","-0.23%"
"May 15, 2014","113.98","114.47","114.66","113.70","-0.45%"
"May 14, 2014","114.50","114.85","115.03","114.26","-0.33%"
"May 13, 2014","114.88","115.00","115.47","114.68","-0.13%"
"May 12, 2014","115.03","114.75","115.17","114.63","0.11%"
"May 09, 2014","114.90","115.46","115.60","114.63","-0.54%"
"May 08, 2014","115.52","116.26","116.90","115.32","-0.65%"
"May 07, 2014","116.28","116.26","116.50","115.94","-0.03%"
"May 06, 2014","116.32","116.32","116.76","116.06","-0.03%"
"May 05, 2014","116.35","116.36","116.60","116.00","-0.05%"
"May 02, 2014","116.41","116.34","117.16","116.10","0.03%"
"May 01, 2014","116.38","116.12","116.50","116.00","0.23%"
"Apr 30, 2014","116.11","116.13","116.52","115.59","-0.05%"
"Apr 29, 2014","116.17","116.40","116.84","115.89","-0.23%"
"Apr 28, 2014","116.44","115.91","116.73","115.55","0.47%"
"Apr 25, 2014","115.89","116.04","116.25","115.60","-0.17%"
"Apr 24, 2014","116.09","116.01","116.23","115.67","0.00%"
"Apr 23, 2014","116.09","115.91","116.32","115.71","0.12%"
"Apr 22, 2014","115.95","115.88","116.15","115.59","0.02%"
"Apr 21, 2014","115.93","115.93","116.30","115.79","-0.03%"
"Apr 18, 2014","115.97","115.89","116.16","115.78","0.03%"
"Apr 17, 2014","115.94","115.87","116.39","115.67","0.02%"
"Apr 16, 2014","115.92","115.77","116.56","115.60","0.09%"
"Apr 15, 2014","115.81","115.73","115.85","115.29","0.03%"
"Apr 14, 2014","115.77","115.59","116.01","115.49","-0.16%"
"Apr 11, 2014","115.95","115.78","116.30","115.59","0.09%"
"Apr 10, 2014","115.84","115.88","116.22","115.40","-0.07%"
"Apr 09, 2014","115.92","115.24","116.02","115.14","0.54%"
"Apr 08, 2014","115.30","116.08","116.21","114.94","-0.71%"
"Apr 07, 2014","116.12","115.72","116.35","115.42","0.35%"
"Apr 04, 2014","115.72","116.60","116.67","115.57","-0.81%"
"Apr 03, 2014","116.66","117.11","117.52","116.29","-0.43%"
"Apr 02, 2014","117.16","117.29","117.75","116.88","-0.15%"
"Apr 01, 2014","117.34","116.61","117.46","116.50","0.58%"
"Mar 31, 2014","116.66","115.94","117.00","115.80","0.61%"
"Mar 28, 2014","115.95","115.22","116.18","114.67","0.61%"
"Mar 27, 2014","115.25","115.26","115.63","114.92","-0.05%"
"Mar 26, 2014","115.31","115.85","115.97","115.13","-0.48%"
"Mar 25, 2014","115.87","116.04","116.21","115.19","-0.18%"
"Mar 24, 2014","116.08","115.72","116.36","115.37","0.25%"
"Mar 21, 2014","115.79","115.81","116.11","115.37","-0.06%"
"Mar 20, 2014","115.86","116.16","116.34","115.45","-0.32%"
"Mar 19, 2014","116.23","116.12","116.49","115.88","0.03%"
"Mar 18, 2014","116.19","116.51","116.75","115.64","-0.28%"
"Mar 17, 2014","116.52","116.07","116.84","115.90","0.30%"
"Mar 14, 2014","116.17","116.43","116.67","115.71","-0.20%"
"Mar 13, 2014","116.40","117.54","117.88","115.91","-1.00%"
"Mar 12, 2014","117.57","117.23","117.62","116.90","0.25%"
"Mar 11, 2014","117.28","117.60","117.73","117.13","-0.31%"
"Mar 10, 2014","117.65","117.25","117.88","117.21","0.03%"
"Mar 07, 2014","117.62","117.02","117.92","116.88","0.49%"
"Mar 06, 2014","117.05","115.29","117.15","115.22","1.51%"
"Mar 05, 2014","115.31","115.14","115.57","114.98","0.11%"
"Mar 04, 2014","115.18","114.84","115.43","114.74","0.27%"
"Mar 03, 2014","114.87","115.33","115.62","114.66","-0.71%"
"Feb 28, 2014","115.69","114.94","116.12","114.23","0.63%"
"Feb 27, 2014","114.97","114.88","115.17","114.10","0.03%"
"Feb 26, 2014","114.94","115.28","115.44","114.42","-0.29%"
"Feb 25, 2014","115.28","115.25","115.56","114.85","-0.04%"
"Feb 24, 2014","115.33","115.51","115.72","115.02","-0.12%"
"Feb 21, 2014","115.47","114.96","115.81","114.84","0.46%"
"Feb 20, 2014","114.94","115.09","115.22","114.13","-0.18%"
"Feb 19, 2014","115.15","115.21","115.43","114.57","-0.10%"
"Feb 18, 2014","115.26","114.26","115.51","114.10","0.83%"
"Feb 17, 2014","114.31","113.98","114.46","113.68","0.26%"
"Feb 14, 2014","114.01","114.31","114.61","113.79","-0.30%"
"Feb 13, 2014","114.35","113.82","114.48","113.53","0.44%"
"Feb 12, 2014","113.85","114.22","114.35","113.20","-0.35%"
"Feb 11, 2014","114.25","113.97","114.62","113.79","0.23%"
"Feb 10, 2014","113.99","113.85","114.25","113.66","0.02%"
"Feb 07, 2014","113.97","113.27","114.20","112.93","0.58%"
"Feb 06, 2014","113.31","112.24","113.50","111.84","0.91%"
"Feb 05, 2014","112.29","112.43","112.62","111.64","-0.17%"
"Feb 04, 2014","112.48","112.05","112.50","111.64","0.33%"
"Feb 03, 2014","112.11","112.51","112.95","111.84","-0.41%"
"Jan 31, 2014","112.57","113.74","114.06","112.49","-1.07%"
"Jan 30, 2014","113.79","114.32","114.44","113.51","-0.52%"
"Jan 29, 2014","114.39","114.71","115.07","113.74","-0.31%"
"Jan 28, 2014","114.75","114.38","114.93","114.28","0.30%"
"Jan 27, 2014","114.41","114.33","114.84","113.68","0.05%"
"Jan 24, 2014","114.35","114.99","115.41","114.11","-0.62%"
"Jan 23, 2014","115.06","114.62","115.66","114.26","0.34%"
"Jan 22, 2014","114.67","114.56","114.94","114.20","0.04%"
"Jan 21, 2014","114.62","114.42","114.88","114.16","0.13%"
"Jan 20, 2014","114.47","114.50","114.70","113.72","-0.11%"
"Jan 17, 2014","114.60","115.25","115.43","114.31","-0.62%"
"Jan 16, 2014","115.32","115.07","115.62","114.87","0.19%"
"Jan 15, 2014","115.10","115.43","115.56","114.72","-0.32%"
"Jan 14, 2014","115.47","114.51","115.55","114.45","0.78%"
"Jan 13, 2014","114.58","115.39","115.47","113.92","-0.70%"
"Jan 10, 2014","115.39","115.53","115.92","114.76","-0.14%"
"Jan 09, 2014","115.55","115.06","115.70","114.81","0.38%"
"Jan 08, 2014","115.11","115.05","115.67","114.82","0.02%"
"Jan 07, 2014","115.09","115.23","115.52","114.86","-0.16%"
"Jan 06, 2014","115.27","115.75","115.96","114.94","-0.47%"
"Jan 03, 2014","115.81","116.53","116.69","115.32","-0.61%"
"Jan 02, 2014","116.52","117.93","118.22","116.12","-1.25%"
"Jan 01, 2014","117.99","117.93","118.19","117.82","0.05%"
"Dec 31, 2013","117.93","118.36","118.50","117.63","-0.41%"
"Dec 30, 2013","118.42","117.87","118.56","117.84","0.40%"
"Dec 27, 2013","117.95","116.84","119.23","116.79","0.90%"
"Dec 26, 2013","116.90","116.45","117.10","116.45","0.32%"
"Dec 25, 2013","116.53","116.50","116.87","116.23","-0.02%"
"Dec 24, 2013","116.55","116.42","116.75","116.18","0.07%"
"Dec 23, 2013","116.47","116.11","116.60","115.85","0.29%"
"Dec 20, 2013","116.13","116.03","116.59","115.90","0.06%"
"Dec 19, 2013","116.06","116.57","116.78","115.84","-0.50%"
"Dec 18, 2013","116.64","115.98","116.80","115.60","0.53%"
"Dec 17, 2013","116.02","116.08","116.30","115.52","-0.08%"
"Dec 16, 2013","116.11","115.93","116.47","115.47","0.04%"
"Dec 13, 2013","116.06","116.23","116.77","115.67","-0.18%"
"Dec 12, 2013","116.27","115.51","116.31","115.40","0.61%"
"Dec 11, 2013","115.56","115.81","116.03","115.25","-0.28%"
"Dec 10, 2013","115.88","115.93","116.26","115.63","-0.08%"
"Dec 09, 2013","115.97","115.06","116.06","114.92","0.54%"
"Dec 06, 2013","115.35","113.49","115.42","113.31","1.62%"
"Dec 05, 2013","113.51","113.38","113.80","112.93","0.09%"
"Dec 04, 2013","113.41","113.31","113.75","112.87","0.05%"
"Dec 03, 2013","113.35","113.27","113.84","112.84","0.04%"
"Dec 02, 2013","113.31","113.00","113.59","112.79","0.24%"
"Nov 29, 2013","113.04","112.96","113.41","112.72","0.04%"
"Nov 28, 2013","113.00","112.52","113.08","112.16","0.39%"
"Nov 27, 2013","112.56","111.68","112.73","111.50","0.73%"
"Nov 26, 2013","111.74","111.49","111.84","111.19","0.21%"
"Nov 25, 2013","111.51","111.64","112.15","111.18","-0.16%"
"Nov 22, 2013","111.69","110.78","111.72","110.36","0.79%"
"Nov 21, 2013","110.81","109.13","110.84","109.08","1.49%"
"Nov 20, 2013","109.18","109.88","110.31","108.83","-0.68%"
"Nov 19, 2013","109.93","109.42","110.10","109.12","0.39%"
"Nov 18, 2013","109.50","109.45","109.90","109.24","0.02%"
"Nov 15, 2013","109.48","109.12","109.69","108.93","0.32%"
"Nov 14, 2013","109.13","108.56","109.31","108.42","0.48%"
"Nov 13, 2013","108.61","108.57","108.73","108.08","0.02%"
"Nov 12, 2013","108.59","107.80","108.84","107.72","0.69%"
"Nov 11, 2013","107.85","107.55","108.02","107.21","0.32%"
"Nov 08, 2013","107.51","107.09","107.66","106.74","0.36%"
"Nov 07, 2013","107.12","108.10","108.32","106.75","-0.93%"
"Nov 06, 2013","108.13","107.77","108.53","107.64","0.30%"
"Nov 05, 2013","107.81","108.34","108.46","107.50","-0.53%"
"Nov 04, 2013","108.38","108.17","108.51","107.91","0.19%"
"Nov 01, 2013","108.17","108.42","108.59","107.60","-0.28%"
"Oct 31, 2013","108.47","109.53","109.60","108.23","-0.99%"
"Oct 30, 2013","109.56","109.20","109.72","108.87","0.28%"
"Oct 29, 2013","109.25","109.00","109.45","108.56","0.18%"
"Oct 28, 2013","109.05","109.10","109.61","108.95","-0.07%"
"Oct 25, 2013","109.13","108.99","109.22","108.55","0.10%"
"Oct 24, 2013","109.02","109.11","109.52","108.86","-0.13%"
"Oct 23, 2013","109.16","109.64","109.75","108.50","-0.47%"
"Oct 22, 2013","109.67","108.81","109.78","108.34","0.75%"
"Oct 21, 2013","108.85","108.29","108.98","108.15","0.44%"
"Oct 18, 2013","108.37","108.45","108.77","108.13","-0.11%"
"Oct 17, 2013","108.49","108.08","108.66","107.84","0.34%"
"Oct 16, 2013","108.12","107.54","108.26","107.49","0.54%"
"Oct 15, 2013","107.54","108.24","108.42","107.37","-0.68%"
"Oct 14, 2013","108.28","107.39","108.36","107.37","0.21%"
"Oct 11, 2013","108.05","107.60","108.49","107.52","0.40%"
"Oct 10, 2013","107.62","106.92","107.89","106.83","0.63%"
"Oct 09, 2013","106.95","107.13","107.58","106.61","-0.21%"
"Oct 08, 2013","107.17","107.08","107.55","106.85","0.07%"
"Oct 07, 2013","107.10","107.36","107.55","107.01","-0.32%"
"Oct 04, 2013","107.44","108.08","108.34","107.22","-0.67%"
"Oct 03, 2013","108.16","107.80","108.64","107.71","0.30%"
"Oct 02, 2013","107.84","108.13","108.31","107.36","-0.34%"
"Oct 01, 2013","108.21","108.49","109.00","107.90","-0.31%"
"Sep 30, 2013","108.55","107.97","108.86","107.45","0.08%"
"Sep 27, 2013","108.46","108.70","109.11","108.21","-0.27%"
"Sep 26, 2013","108.75","108.23","108.94","107.97","0.43%"
"Sep 25, 2013","108.28","108.10","108.70","107.85","0.11%"
"Sep 24, 2013","108.16","108.47","109.01","107.91","-0.31%"
"Sep 23, 2013","108.50","108.90","109.31","108.19","-0.55%"
"Sep 20, 2013","109.10","109.18","109.41","108.86","-0.11%"
"Sep 19, 2013","109.22","107.37","109.42","107.21","1.72%"
"Sep 18, 2013","107.37","107.01","107.62","106.57","0.31%"
"Sep 17, 2013","107.04","106.76","107.27","106.70","0.19%"
"Sep 16, 2013","106.84","106.91","107.19","106.41","-0.02%"
"Sep 13, 2013","106.86","106.92","107.16","106.31","-0.10%"
"Sep 12, 2013","106.97","107.33","107.48","106.39","-0.36%"
"Sep 11, 2013","107.36","107.35","107.61","107.04","-0.05%"
"Sep 10, 2013","107.41","106.78","107.56","106.61","0.57%"
"Sep 09, 2013","106.80","106.38","107.06","105.90","1.02%"
"Sep 06, 2013","105.72","105.90","106.10","105.10","-0.25%"
"Sep 05, 2013","105.98","106.64","106.71","105.80","-0.64%"
"Sep 04, 2013","106.66","106.30","106.66","105.92","0.32%"
"Sep 03, 2013","106.32","106.29","106.65","105.98","0.02%"
"Sep 02, 2013","106.30","105.46","106.73","105.35","0.70%"
"Aug 30, 2013","105.56","105.62","105.75","105.15","-0.09%"
"Aug 29, 2013","105.66","105.82","106.10","105.44","-0.23%"
"Aug 28, 2013","105.90","105.70","106.22","105.52","0.13%"
"Aug 27, 2013","105.76","106.66","106.83","105.60","-0.92%"
"Aug 26, 2013","106.74","106.50","107.32","106.50","-0.39%"
"Aug 23, 2013","107.16","106.91","107.23","106.80","0.21%"
"Aug 22, 2013","106.94","105.82","107.01","105.72","0.99%"
"Aug 21, 2013","105.89","105.94","106.43","105.74","-0.13%"
"Aug 20, 2013","106.03","105.55","106.28","104.93","0.42%"
"Aug 19, 2013","105.59","105.23","106.08","105.08","0.30%"
"Aug 16, 2013","105.27","105.07","105.58","104.79","0.11%"
"Aug 15, 2013","105.15","104.82","105.41","104.38","0.26%"
"Aug 14, 2013","104.88","105.20","105.41","104.62","-0.36%"
"Aug 13, 2013","105.26","104.64","105.70","104.54","0.57%"
"Aug 12, 2013","104.66","104.20","104.76","103.99","0.37%"
"Aug 09, 2013","104.27","105.04","105.33","104.20","-0.77%"
"Aug 08, 2013","105.08","104.47","105.19","104.19","0.54%"
"Aug 07, 2013","104.52","105.54","105.69","104.25","-0.98%"
"Aug 06, 2013","105.55","105.94","106.20","105.40","-0.43%"
"Aug 05, 2013","106.01","106.31","106.65","105.58","-0.44%"
"Aug 02, 2013","106.48","106.20","107.11","105.96","0.23%"
"Aug 01, 2013","106.24","105.62","106.69","105.41","0.55%"
"Jul 31, 2013","105.66","105.42","106.41","105.01","0.22%"
"Jul 30, 2013","105.43","105.15","105.74","105.01","0.23%"
"Jul 29, 2013","105.19","105.62","105.89","104.92","-0.63%"
"Jul 26, 2013","105.86","106.73","106.94","105.49","-0.87%"
"Jul 25, 2013","106.79","106.90","107.16","106.25","-0.14%"
"Jul 24, 2013","106.94","106.33","107.22","106.23","0.55%"
"Jul 23, 2013","106.35","106.40","106.68","105.89","-0.08%"
"Jul 22, 2013","106.43","106.97","107.03","106.09","-0.50%"
"Jul 19, 2013","106.96","106.27","107.00","106.00","0.61%"
"Jul 18, 2013","106.31","105.77","106.50","105.65","0.45%"
"Jul 17, 2013","105.83","105.50","106.35","105.25","0.28%"
"Jul 16, 2013","105.53","105.26","105.71","104.86","0.21%"
"Jul 15, 2013","105.31","104.89","105.53","104.59","0.46%"
"Jul 12, 2013","104.83","104.47","105.21","104.08","0.33%"
"Jul 11, 2013","104.48","103.93","104.98","103.74","0.45%"
"Jul 10, 2013","104.01","103.96","104.26","103.06","0.01%"
"Jul 09, 2013","104.00","104.73","105.08","103.50","-0.74%"
"Jul 08, 2013","104.78","104.98","105.16","104.47","-0.24%"
"Jul 05, 2013","105.03","104.54","105.13","104.06","0.42%"
"Jul 04, 2013","104.59","105.50","105.72","104.34","-0.91%"
"Jul 03, 2013","105.55","105.82","106.09","104.49","-0.29%"
"Jul 02, 2013","105.86","105.40","106.11","105.07","0.40%"
"Jul 01, 2013","105.44","105.00","105.50","104.71","0.49%"
"Jun 28, 2013","104.93","104.01","105.18","103.94","0.85%"
"Jun 27, 2013","104.05","103.58","104.26","103.49","0.40%"
"Jun 26, 2013","103.64","104.22","104.66","103.14","-0.59%"
"Jun 25, 2013","104.25","104.68","105.03","103.82","-0.47%"
"Jun 24, 2013","104.74","104.68","105.35","104.05","-0.03%"
"Jun 21, 2013","104.77","104.87","105.66","104.03","-0.14%"
"Jun 20, 2013","104.92","103.85","105.77","103.51","0.95%"
"Jun 19, 2013","103.93","103.51","104.34","103.03","0.35%"
"Jun 18, 2013","103.57","102.37","104.01","102.33","1.12%"
"Jun 17, 2013","102.42","102.07","103.13","101.74","0.29%"
"Jun 14, 2013","102.12","103.43","103.93","101.82","-1.30%"
"Jun 13, 2013","103.46","104.25","104.36","101.74","-0.81%"
"Jun 12, 2013","104.31","103.81","104.98","103.50","0.46%"
"Jun 11, 2013","103.83","105.77","106.08","103.39","-1.88%"
"Jun 10, 2013","105.82","104.22","105.93","103.89","1.54%"
"Jun 07, 2013","104.21","104.35","104.81","102.56","-0.12%"
"Jun 06, 2013","104.34","105.07","105.75","103.70","-0.74%"
"Jun 05, 2013","105.12","105.55","105.90","104.89","-0.47%"
"Jun 04, 2013","105.62","105.03","105.99","104.87","0.50%"
"Jun 03, 2013","105.09","104.75","105.31","103.91","-0.11%"
"May 31, 2013","105.21","105.65","106.16","104.78","-0.44%"
"May 30, 2013","105.68","105.10","106.02","104.69","0.49%"
"May 29, 2013","105.16","104.75","105.25","104.37","0.35%"
"May 28, 2013","104.79","104.78","105.59","104.57","-0.03%"
"May 27, 2013","104.82","105.26","105.67","104.67","-0.48%"
"May 24, 2013","105.33","105.28","105.81","104.56","0.02%"
"May 23, 2013","105.31","105.41","105.53","104.00","-0.12%"
"May 22, 2013","105.44","105.61","106.29","104.99","-0.21%"
"May 21, 2013","105.66","105.73","106.28","105.35","-0.11%"
"May 20, 2013","105.78","105.56","106.13","105.28","-0.34%"
"May 17, 2013","106.14","105.96","106.33","105.23","0.15%"
"May 16, 2013","105.98","105.87","106.48","105.38","0.04%"
"May 15, 2013","105.94","105.78","106.09","105.30","0.08%"
"May 14, 2013","105.86","106.33","106.73","105.73","-0.49%"
"May 13, 2013","106.38","106.35","106.65","105.87","0.18%"
"May 10, 2013","106.19","106.04","106.63","105.69","0.08%"
"May 09, 2013","106.10","105.77","106.40","105.28","0.27%"
"May 08, 2013","105.81","105.25","105.91","104.84","0.49%"
"May 07, 2013","105.29","105.84","105.98","104.95","-0.55%"
"May 06, 2013","105.87","105.80","106.17","105.62","-0.01%"
"May 03, 2013","105.88","104.75","106.46","104.62","1.05%"
"May 02, 2013","104.78","104.95","106.02","104.39","-0.22%"
"May 01, 2013","105.01","104.82","105.35","104.37","0.16%"
"Apr 30, 2013","104.84","104.34","105.02","103.82","0.44%"
"Apr 29, 2013","104.38","103.94","104.84","103.34","0.32%"
"Apr 26, 2013","104.05","105.00","105.22","103.60","-0.96%"
"Apr 25, 2013","105.06","105.04","105.29","104.61","-0.01%"
"Apr 24, 2013","105.07","105.18","105.55","104.46","-0.11%"
"Apr 23, 2013","105.19","106.14","106.36","104.58","-0.96%"
"Apr 22, 2013","106.21","106.79","107.23","105.65","-0.40%"
"Apr 19, 2013","106.64","105.24","107.02","105.17","1.29%"
"Apr 18, 2013","105.28","105.23","105.97","104.55","-0.03%"
"Apr 17, 2013","105.31","105.93","106.82","104.06","-0.44%"
"Apr 16, 2013","105.78","103.59","106.08","103.54","2.21%"
"Apr 15, 2013","103.49","105.98","106.32","103.30","-2.44%"
"Apr 12, 2013","106.08","107.11","107.29","105.70","-0.95%"
"Apr 11, 2013","107.10","106.94","107.46","106.40","0.16%"
"Apr 10, 2013","106.93","106.28","107.17","106.02","0.69%"
"Apr 09, 2013","106.20","106.36","106.72","105.37","-0.12%"
"Apr 08, 2013","106.33","105.25","106.37","104.98","1.91%"
"Apr 05, 2013","104.34","102.48","104.86","101.89","1.82%"
"Apr 04, 2013","102.47","98.42","102.59","98.10","4.09%"
"Apr 03, 2013","98.44","98.39","98.73","98.02","0.00%"
"Apr 02, 2013","98.44","98.35","98.76","97.89","-0.10%"
"Apr 01, 2013","98.54","99.22","99.35","98.17","-0.72%"
"Mar 29, 2013","99.25","99.13","99.35","98.81","0.09%"
"Mar 28, 2013","99.16","98.92","99.35","98.29","0.13%"
"Mar 27, 2013","99.03","99.61","99.99","98.50","-0.58%"
"Mar 26, 2013","99.61","99.23","99.78","98.97","0.36%"
"Mar 25, 2013","99.25","100.33","101.34","98.55","-1.21%"
"Mar 22, 2013","100.47","100.34","101.04","99.45","0.16%"
"Mar 21, 2013","100.31","101.60","101.74","99.89","-1.33%"
"Mar 20, 2013","101.66","100.41","101.91","99.99","1.24%"
"Mar 19, 2013","100.41","100.63","101.26","99.88","-0.16%"
"Mar 18, 2013","100.57","100.23","101.15","99.71","-0.92%"
"Mar 15, 2013","101.50","101.46","102.36","101.21","0.05%"
"Mar 14, 2013","101.45","100.84","101.56","100.47","0.55%"
"Mar 13, 2013","100.90","101.33","101.50","100.67","-0.50%"
"Mar 12, 2013","101.41","101.68","102.03","100.82","-0.26%"
"Mar 11, 2013","101.67","100.85","101.72","100.73","0.71%"
"Mar 08, 2013","100.95","100.58","102.12","100.06","0.32%"
"Mar 07, 2013","100.63","99.14","100.85","98.86","1.41%"
"Mar 06, 2013","99.23","99.12","99.34","98.73","0.12%"
"Mar 05, 2013","99.11","99.28","99.41","98.69","-0.20%"
"Mar 04, 2013","99.31","99.25","99.44","98.81","0.17%"
"Mar 01, 2013","99.14","98.84","99.45","98.15","0.27%"
"Feb 28, 2013","98.87","99.13","99.77","98.62","-0.30%"
"Feb 27, 2013","99.17","98.64","99.35","97.93","0.58%"
"Feb 26, 2013","98.60","98.74","99.52","97.73","0.50%"
"Feb 25, 2013","98.11","101.72","101.83","97.39","-2.33%"
"Feb 22, 2013","100.45","99.92","100.60","99.75","0.51%"
"Feb 21, 2013","99.94","100.96","101.22","99.46","-1.02%"
"Feb 20, 2013","100.97","101.34","101.93","100.73","-0.41%"
"Feb 19, 2013","101.39","101.73","101.81","101.02","-0.34%"
"Feb 18, 2013","101.74","101.53","102.21","101.42","0.24%"
"Feb 15, 2013","101.50","100.72","101.69","99.95","0.79%"
"Feb 14, 2013","100.70","101.84","102.12","100.48","-1.14%"
"Feb 13, 2013","101.86","101.87","102.28","101.08","-0.08%"
"Feb 12, 2013","101.94","102.43","103.02","101.41","-0.32%"
"Feb 11, 2013","102.27","100.84","102.36","100.59","1.16%"
"Feb 08, 2013","101.10","101.89","102.10","100.48","-0.73%"
"Feb 07, 2013","101.84","102.78","103.55","101.28","-0.94%"
"Feb 06, 2013","102.81","103.07","103.66","102.08","-0.18%"
"Feb 05, 2013","103.00","101.59","103.06","101.11","1.32%"
"Feb 04, 2013","101.66","102.05","102.42","101.45","-0.58%"
"Feb 01, 2013","102.25","100.52","102.66","100.47","1.68%"
"Jan 31, 2013","100.56","100.00","100.64","99.58","0.62%"
"Jan 30, 2013","99.94","98.44","100.18","98.32","1.51%"
"Jan 29, 2013","98.45","97.95","98.67","97.54","0.47%"
"Jan 28, 2013","97.99","98.07","98.40","97.52","-0.12%"
"Jan 25, 2013","98.11","97.30","98.67","97.04","0.79%"
"Jan 24, 2013","97.34","95.34","97.52","94.99","1.96%"
"Jan 23, 2013","95.47","95.45","95.58","94.66","-0.02%"
"Jan 22, 2013","95.49","96.13","96.47","94.94","-0.68%"
"Jan 21, 2013","96.14","96.34","96.61","95.69","-0.28%"
"Jan 18, 2013","96.41","96.35","96.69","95.63","0.04%"
"Jan 17, 2013","96.37","94.94","96.60","94.51","1.46%"
"Jan 16, 2013","94.98","95.29","95.42","94.32","-0.26%"
"Jan 15, 2013","95.23","96.97","97.27","94.96","-1.82%"
"Jan 14, 2013","97.00","97.81","98.24","96.84","-0.69%"
"Jan 11, 2013","97.67","96.85","97.95","96.73","0.86%"
"Jan 10, 2013","96.84","94.90","96.99","94.85","2.09%"
"Jan 09, 2013","94.86","94.13","95.17","93.90","0.59%"
"Jan 08, 2013","94.30","95.27","95.36","93.97","-1.03%"
"Jan 07, 2013","95.28","95.33","95.62","94.35","-0.10%"
"Jan 04, 2013","95.38","94.09","95.52","94.03","1.31%"
"Jan 03, 2013","94.15","95.00","95.19","93.94","-0.94%"
"Jan 02, 2013","95.04","94.65","96.05","94.46","0.57%"
"Jan 01, 2013","94.50","94.74","94.79","94.35","-0.32%"
"Dec 31, 2012","94.80","93.94","94.88","93.78","0.59%"
"Dec 28, 2012","94.24","94.24","94.90","92.45","0.02%"
"Dec 27, 2012","94.22","93.72","94.60","93.52","0.48%"
"Dec 26, 2012","93.77","92.61","93.89","92.45","1.26%"
"Dec 25, 2012","92.60","92.68","92.82","92.29","-0.06%"
"Dec 24, 2012","92.66","91.97","92.76","91.91","0.77%"
"Dec 21, 2012","91.95","92.56","92.60","91.57","-0.67%"
"Dec 20, 2012","92.57","92.39","92.92","91.64","0.13%"
"Dec 19, 2012","92.45","92.14","93.06","92.09","0.30%"
"Dec 18, 2012","92.17","91.35","92.31","91.28","0.86%"
"Dec 17, 2012","91.38","91.90","92.02","90.97","0.51%"
"Dec 14, 2012","90.92","90.52","91.06","90.22","0.43%"
"Dec 13, 2012","90.53","89.82","90.62","89.65","0.81%"
"Dec 12, 2012","89.80","88.51","90.02","88.39","1.43%"
"Dec 11, 2012","88.53","88.23","88.59","87.89","0.28%"
"Dec 10, 2012","88.28","88.03","88.35","87.79","0.06%"
"Dec 07, 2012","88.23","88.33","88.58","87.75","-0.10%"
"Dec 06, 2012","88.32","88.97","89.13","88.09","-0.74%"
"Dec 05, 2012","88.98","88.28","89.05","88.21","0.69%"
"Dec 04, 2012","88.37","88.81","88.88","88.14","-0.50%"
"Dec 03, 2012","88.81","88.72","89.16","88.53","-0.19%"
"Nov 30, 2012","88.98","88.47","89.38","88.35","0.55%"
"Nov 29, 2012","88.49","88.22","88.73","88.13","0.44%"
"Nov 28, 2012","88.10","88.26","88.35","87.45","-0.15%"
"Nov 27, 2012","88.23","88.39","88.81","88.04","-0.20%"
"Nov 26, 2012","88.41","88.60","89.03","88.05","-0.39%"
"Nov 23, 2012","88.76","88.10","88.88","87.69","0.69%"
"Nov 22, 2012","88.15","87.79","88.50","87.66","0.27%"
"Nov 21, 2012","87.91","86.86","87.95","86.33","1.12%"
"Nov 20, 2012","86.94","86.57","86.97","85.97","0.44%"
"Nov 19, 2012","86.56","86.13","86.60","85.80","0.69%"
"Nov 16, 2012","85.97","86.07","86.28","85.50","-0.17%"
"Nov 15, 2012","86.12","84.86","86.41","84.66","1.47%"
"Nov 14, 2012","84.87","83.74","85.09","83.68","1.33%"
"Nov 13, 2012","83.76","83.73","84.06","83.20","-0.02%"
"Nov 12, 2012","83.78","83.72","83.97","83.55","-0.04%"
"Nov 09, 2012","83.81","84.02","84.35","83.22","-0.14%"
"Nov 08, 2012","83.93","84.55","84.71","83.70","-0.77%"
"Nov 07, 2012","84.58","85.22","85.63","84.30","-0.74%"
"Nov 06, 2012","85.21","85.02","85.43","84.57","0.13%"
"Nov 05, 2012","85.10","85.40","85.67","84.84","-0.54%"
"Nov 02, 2012","85.56","85.97","86.14","85.30","-0.55%"
"Nov 01, 2012","86.03","85.61","86.17","85.45","0.42%"
"Oct 31, 2012","85.67","85.35","86.07","85.24","0.34%"
"Oct 30, 2012","85.38","85.19","85.58","84.51","0.21%"
"Oct 29, 2012","85.20","85.17","85.33","84.74","0.01%"
"Oct 26, 2012","85.19","85.95","86.04","84.85","-0.81%"
"Oct 25, 2012","85.89","85.51","86.31","85.48","0.41%"
"Oct 24, 2012","85.54","85.58","85.78","85.07","-0.14%"
"Oct 23, 2012","85.66","86.26","86.41","85.31","-0.73%"
"Oct 22, 2012","86.29","85.36","86.37","85.24","0.99%"
"Oct 19, 2012","85.44","85.73","85.92","85.26","-0.33%"
"Oct 18, 2012","85.72","85.56","86.15","85.39","0.15%"
"Oct 17, 2012","85.59","85.38","85.73","84.96","0.35%"
"Oct 16, 2012","85.29","84.29","85.35","84.24","1.15%"
"Oct 15, 2012","84.32","84.04","84.60","83.56","0.36%"
"Oct 12, 2012","84.02","83.83","84.29","83.66","0.20%"
"Oct 11, 2012","83.85","83.16","84.16","82.83","0.79%"
"Oct 10, 2012","83.19","83.19","83.57","82.90","0.02%"
"Oct 09, 2012","83.17","83.87","84.09","83.02","-0.87%"
"Oct 08, 2012","83.90","84.53","84.61","83.47","-0.83%"
"Oct 05, 2012","84.60","84.29","84.86","84.01","0.30%"
"Oct 04, 2012","84.35","83.60","84.40","83.55","0.81%"
"Oct 03, 2012","83.67","83.47","83.87","83.13","0.24%"
"Oct 02, 2012","83.47","83.05","83.66","83.03","0.43%"
"Oct 01, 2012","83.11","82.86","83.48","82.47","0.25%"
"Sep 28, 2012","82.90","82.79","83.25","82.55","0.08%"
"Sep 27, 2012","82.83","82.71","82.97","82.40","0.13%"
"Sep 26, 2012","82.72","82.96","83.06","82.44","-0.33%"
"Sep 25, 2012","82.99","83.15","83.81","82.78","-0.25%"
"Sep 24, 2012","83.20","83.71","83.79","82.86","-0.73%"
"Sep 21, 2012","83.81","83.81","84.34","83.59","-0.04%"
"Sep 20, 2012","83.84","84.42","84.68","83.43","-0.78%"
"Sep 19, 2012","84.50","84.83","85.58","84.28","-0.40%"
"Sep 18, 2012","84.84","84.84","85.10","84.43","-0.05%"
"Sep 17, 2012","84.88","84.52","85.29","84.21","0.38%"
"Sep 14, 2012","84.56","82.80","84.70","82.77","2.03%"
"Sep 13, 2012","82.88","82.99","83.14","82.11","-0.19%"
"Sep 12, 2012","83.04","82.80","83.30","82.68","0.27%"
"Sep 11, 2012","82.82","82.65","83.08","82.39","0.16%"
"Sep 10, 2012","82.69","82.88","82.96","82.51","-0.21%"
"Sep 07, 2012","82.86","82.65","83.01","82.34","0.21%"
"Sep 06, 2012","82.69","82.02","82.86","81.88","0.79%"
"Sep 05, 2012","82.04","82.02","82.29","81.52","-0.02%"
"Sep 04, 2012","82.06","82.03","82.47","81.86","-0.04%"
"Sep 03, 2012","82.09","82.05","82.21","81.73","0.02%"
"Aug 31, 2012","82.07","81.84","82.49","81.53","0.20%"
"Aug 30, 2012","81.91","82.06","82.29","81.57","-0.28%"
"Aug 29, 2012","82.14","82.14","82.32","81.44","0.01%"
"Aug 28, 2012","82.13","81.93","82.31","81.44","0.23%"
"Aug 27, 2012","81.94","81.87","82.22","81.78","-0.04%"
"Aug 24, 2012","81.97","82.15","82.34","81.52","-0.19%"
"Aug 23, 2012","82.13","81.95","82.31","81.77","0.20%"
"Aug 22, 2012","81.97","82.28","82.62","81.49","-0.44%"
"Aug 21, 2012","82.33","81.66","82.61","81.49","0.82%"
"Aug 20, 2012","81.66","81.74","81.93","81.31","-0.07%"
"Aug 17, 2012","81.72","81.54","82.01","81.31","0.09%"
"Aug 16, 2012","81.65","80.72","81.78","80.70","1.08%"
"Aug 15, 2012","80.78","80.72","81.14","80.31","-0.01%"
"Aug 14, 2012","80.79","80.36","81.17","80.32","0.47%"
"Aug 13, 2012","80.41","80.04","80.75","79.83","0.36%"
"Aug 10, 2012","80.12","80.45","80.61","79.65","-0.47%"
"Aug 09, 2012","80.50","80.66","81.00","80.15","-0.31%"
"Aug 08, 2012","80.75","81.09","81.17","80.34","-0.41%"
"Aug 07, 2012","81.08","80.69","81.42","80.52","0.41%"
"Aug 06, 2012","80.75","81.08","81.42","80.43","-0.17%"